[{"model": "admin.logentry", "pk": 1, "fields": {"action_time": "2022-11-10T16:02:31.455Z", "user": 2, "content_type": 6, "object_id": "10", "object_repr": "s@gmail.com", "action_flag": 3, "change_message": ""}}, {"model": "admin.logentry", "pk": 2, "fields": {"action_time": "2022-11-10T16:02:31.466Z", "user": 2, "content_type": 6, "object_id": "3", "object_repr": "damian@gmail.com", "action_flag": 3, "change_message": ""}}, {"model": "admin.logentry", "pk": 3, "fields": {"action_time": "2022-11-10T16:02:31.468Z", "user": 2, "content_type": 6, "object_id": "9", "object_repr": "da@gmail.com", "action_flag": 3, "change_message": ""}}, {"model": "admin.logentry", "pk": 4, "fields": {"action_time": "2022-11-10T16:02:31.469Z", "user": 2, "content_type": 6, "object_id": "1", "object_repr": "sebastian.wieczorek11@gmail.com", "action_flag": 3, "change_message": ""}}, {"model": "admin.logentry", "pk": 5, "fields": {"action_time": "2022-11-10T16:02:31.469Z", "user": 2, "content_type": 6, "object_id": "5", "object_repr": "damian.wieczorek@gmail.com", "action_flag": 3, "change_message": ""}}, {"model": "admin.logentry", "pk": 6, "fields": {"action_time": "2022-11-10T16:02:31.470Z", "user": 2, "content_type": 6, "object_id": "6", "object_repr": "damianwieczorek@gmail.com", "action_flag": 3, "change_message": ""}}, {"model": "admin.logentry", "pk": 7, "fields": {"action_time": "2022-11-10T16:02:31.471Z", "user": 2, "content_type": 6, "object_id": "8", "object_repr": "damianwieczor@gmail.com", "action_flag": 3, "change_message": ""}}, {"model": "admin.logentry", "pk": 8, "fields": {"action_time": "2022-11-10T16:02:31.471Z", "user": 2, "content_type": 6, "object_id": "7", "object_repr": "sebas@gmail.com", "action_flag": 3, "change_message": ""}}, {"model": "admin.logentry", "pk": 9, "fields": {"action_time": "2022-11-11T11:23:26.943Z", "user": 2, "content_type": 6, "object_id": "4", "object_repr": "sebson@gmail.com", "action_flag": 3, "change_message": ""}}, {"model": "admin.logentry", "pk": 10, "fields": {"action_time": "2022-11-11T14:13:36.503Z", "user": 2, "content_type": 6, "object_id": "11", "object_repr": "seba@gmail.com", "action_flag": 2, "change_message": "[{\"changed\": {\"fields\": [\"Is active\"]}}]"}}, {"model": "admin.logentry", "pk": 11, "fields": {"action_time": "2022-11-11T17:26:37.301Z", "user": 2, "content_type": 6, "object_id": "12", "object_repr": "damian@gmail.com", "action_flag": 2, "change_message": "[{\"changed\": {\"fields\": [\"Is active\"]}}]"}}, {"model": "admin.logentry", "pk": 12, "fields": {"action_time": "2022-11-12T13:45:55.868Z", "user": 2, "content_type": 6, "object_id": "13", "object_repr": "sebastian.wieczorek11@gmail.com", "action_flag": 3, "change_message": ""}}, {"model": "admin.logentry", "pk": 13, "fields": {"action_time": "2022-11-12T20:00:40.042Z", "user": 2, "content_type": 6, "object_id": "14", "object_repr": "sebastian.wieczorek11@gmail.com", "action_flag": 3, "change_message": ""}}, {"model": "admin.logentry", "pk": 14, "fields": {"action_time": "2022-11-12T21:04:07.240Z", "user": 2, "content_type": 6, "object_id": "15", "object_repr": "sebastian.wieczorek11@gmail.com", "action_flag": 3, "change_message": ""}}, {"model": "admin.logentry", "pk": 15, "fields": {"action_time": "2022-11-12T21:09:27.276Z", "user": 2, "content_type": 6, "object_id": "16", "object_repr": "sebastian.wieczorek11@gmail.com", "action_flag": 3, "change_message": ""}}, {"model": "admin.logentry", "pk": 16, "fields": {"action_time": "2022-11-13T10:14:35.843Z", "user": 2, "content_type": 6, "object_id": "11", "object_repr": "seba@gmail.com", "action_flag": 3, "change_message": ""}}, {"model": "admin.logentry", "pk": 17, "fields": {"action_time": "2022-11-13T10:14:35.858Z", "user": 2, "content_type": 6, "object_id": "17", "object_repr": "sebastian.wieczorek11@gmail.com", "action_flag": 3, "change_message": ""}}, {"model": "admin.logentry", "pk": 18, "fields": {"action_time": "2022-11-14T09:59:00.508Z", "user": 2, "content_type": 8, "object_id": "5", "object_repr": "McDonalds", "action_flag": 2, "change_message": "[{\"changed\": {\"fields\": [\"Is approved\"]}}]"}}, {"model": "admin.logentry", "pk": 19, "fields": {"action_time": "2022-11-14T10:03:27.312Z", "user": 2, "content_type": 8, "object_id": "5", "object_repr": "McDonalds", "action_flag": 2, "change_message": "[{\"changed\": {\"fields\": [\"Is approved\"]}}]"}}, {"model": "admin.logentry", "pk": 20, "fields": {"action_time": "2022-11-14T12:53:25.688Z", "user": 2, "content_type": 8, "object_id": "5", "object_repr": "McDonalds", "action_flag": 2, "change_message": "[{\"changed\": {\"fields\": [\"Is approved\"]}}]"}}, {"model": "admin.logentry", "pk": 21, "fields": {"action_time": "2022-11-14T12:54:26.561Z", "user": 2, "content_type": 7, "object_id": "18", "object_repr": "sebastian.wieczorek11@gmail.com", "action_flag": 2, "change_message": "[{\"changed\": {\"fields\": [\"Address line 1\", \"Address line 2\", \"Country\", \"State\", \"City\", \"Pin code\"]}}]"}}, {"model": "admin.logentry", "pk": 22, "fields": {"action_time": "2022-11-14T13:03:18.779Z", "user": 2, "content_type": 7, "object_id": "18", "object_repr": "sebastian.wieczorek11@gmail.com", "action_flag": 2, "change_message": "[{\"changed\": {\"fields\": [\"Profile picture\", \"Cover photo\"]}}]"}}, {"model": "admin.logentry", "pk": 23, "fields": {"action_time": "2022-11-21T14:34:48.607Z", "user": 2, "content_type": 7, "object_id": "18", "object_repr": "sebastian.wieczorek11@gmail.com", "action_flag": 2, "change_message": "[{\"changed\": {\"fields\": [\"Address\", \"Pin code\"]}}]"}}, {"model": "admin.logentry", "pk": 24, "fields": {"action_time": "2022-11-22T17:32:29.289Z", "user": 2, "content_type": 10, "object_id": "1", "object_repr": "Burgers", "action_flag": 1, "change_message": "[{\"added\": {}}]"}}, {"model": "admin.logentry", "pk": 25, "fields": {"action_time": "2022-11-22T17:33:09.715Z", "user": 2, "content_type": 10, "object_id": "2", "object_repr": "Pizza", "action_flag": 1, "change_message": "[{\"added\": {}}]"}}, {"model": "admin.logentry", "pk": 26, "fields": {"action_time": "2022-11-22T17:33:40.243Z", "user": 2, "content_type": 10, "object_id": "3", "object_repr": "Sea Food", "action_flag": 1, "change_message": "[{\"added\": {}}]"}}, {"model": "admin.logentry", "pk": 27, "fields": {"action_time": "2022-11-22T17:35:35.585Z", "user": 2, "content_type": 10, "object_id": "3", "object_repr": "Sea Food", "action_flag": 2, "change_message": "[]"}}, {"model": "admin.logentry", "pk": 28, "fields": {"action_time": "2022-11-22T17:35:40.136Z", "user": 2, "content_type": 10, "object_id": "2", "object_repr": "Pizza", "action_flag": 2, "change_message": "[]"}}, {"model": "admin.logentry", "pk": 29, "fields": {"action_time": "2022-11-22T17:47:44.077Z", "user": 2, "content_type": 9, "object_id": "1", "object_repr": "Max Burgers Premium", "action_flag": 1, "change_message": "[{\"added\": {}}]"}}, {"model": "admin.logentry", "pk": 30, "fields": {"action_time": "2022-11-23T10:04:34.831Z", "user": 2, "content_type": 10, "object_id": "1", "object_repr": "Burgers", "action_flag": 2, "change_message": "[{\"changed\": {\"fields\": [\"Description\"]}}]"}}, {"model": "admin.logentry", "pk": 31, "fields": {"action_time": "2022-11-23T14:26:15.960Z", "user": 2, "content_type": 10, "object_id": "5", "object_repr": "pizza", "action_flag": 3, "change_message": ""}}, {"model": "admin.logentry", "pk": 32, "fields": {"action_time": "2022-11-23T22:47:01.901Z", "user": 2, "content_type": 9, "object_id": "7", "object_repr": "Granat dasdasd", "action_flag": 2, "change_message": "[{\"changed\": {\"fields\": [\"Food title\"]}}]"}}, {"model": "admin.logentry", "pk": 33, "fields": {"action_time": "2022-11-23T22:47:11.867Z", "user": 2, "content_type": 9, "object_id": "7", "object_repr": "Granat", "action_flag": 2, "change_message": "[{\"changed\": {\"fields\": [\"Food title\"]}}]"}}, {"model": "admin.logentry", "pk": 34, "fields": {"action_time": "2022-11-23T22:48:28.815Z", "user": 2, "content_type": 9, "object_id": "8", "object_repr": "awdads  sadasd", "action_flag": 3, "change_message": ""}}, {"model": "admin.logentry", "pk": 35, "fields": {"action_time": "2022-11-23T22:48:35.664Z", "user": 2, "content_type": 9, "object_id": "7", "object_repr": "Granat", "action_flag": 3, "change_message": ""}}, {"model": "admin.logentry", "pk": 36, "fields": {"action_time": "2022-11-24T11:51:03.216Z", "user": 2, "content_type": 6, "object_id": "2", "object_repr": "sebastian.wieczorek@gmail.com", "action_flag": 2, "change_message": "[{\"changed\": {\"fields\": [\"Email\", \"Role\"]}}]"}}, {"model": "admin.logentry", "pk": 37, "fields": {"action_time": "2022-11-24T15:36:07.258Z", "user": 2, "content_type": 8, "object_id": "6", "object_repr": "KFC", "action_flag": 2, "change_message": "[{\"changed\": {\"fields\": [\"Is approved\"]}}]"}}, {"model": "admin.logentry", "pk": 38, "fields": {"action_time": "2022-11-25T11:09:09.470Z", "user": 2, "content_type": 8, "object_id": "6", "object_repr": "KFC", "action_flag": 2, "change_message": "[{\"changed\": {\"fields\": [\"Vendor slug\"]}}]"}}, {"model": "admin.logentry", "pk": 39, "fields": {"action_time": "2022-11-25T11:09:16.338Z", "user": 2, "content_type": 8, "object_id": "5", "object_repr": "McDonalds", "action_flag": 2, "change_message": "[{\"changed\": {\"fields\": [\"Vendor slug\"]}}]"}}, {"model": "admin.logentry", "pk": 40, "fields": {"action_time": "2022-11-25T11:21:22.083Z", "user": 2, "content_type": 6, "object_id": "20", "object_repr": "robert.wieczorek@gmail.com", "action_flag": 3, "change_message": ""}}, {"model": "admin.logentry", "pk": 41, "fields": {"action_time": "2022-11-25T11:21:22.087Z", "user": 2, "content_type": 6, "object_id": "12", "object_repr": "damian@gmail.com", "action_flag": 3, "change_message": ""}}, {"model": "admin.logentry", "pk": 42, "fields": {"action_time": "2022-11-25T11:21:22.088Z", "user": 2, "content_type": 6, "object_id": "21", "object_repr": "fsdf@gmail.com", "action_flag": 3, "change_message": ""}}, {"model": "admin.logentry", "pk": 43, "fields": {"action_time": "2022-11-25T11:24:32.479Z", "user": 2, "content_type": 8, "object_id": "9", "object_repr": "burger king", "action_flag": 3, "change_message": ""}}, {"model": "admin.logentry", "pk": 44, "fields": {"action_time": "2022-11-25T15:18:09.492Z", "user": 2, "content_type": 8, "object_id": "5", "object_repr": "McDonalds", "action_flag": 2, "change_message": "[{\"changed\": {\"fields\": [\"Vendor slug\"]}}]"}}, {"model": "admin.logentry", "pk": 45, "fields": {"action_time": "2022-11-25T16:57:14.558Z", "user": 2, "content_type": 9, "object_id": "9", "object_repr": "Marghetita", "action_flag": 1, "change_message": "[{\"added\": {}}]"}}, {"model": "admin.logentry", "pk": 46, "fields": {"action_time": "2022-11-27T12:19:34.273Z", "user": 2, "content_type": 11, "object_id": "5", "object_repr": "Cart object (5)", "action_flag": 3, "change_message": ""}}, {"model": "admin.logentry", "pk": 47, "fields": {"action_time": "2022-11-27T12:19:34.281Z", "user": 2, "content_type": 11, "object_id": "4", "object_repr": "Cart object (4)", "action_flag": 3, "change_message": ""}}, {"model": "admin.logentry", "pk": 48, "fields": {"action_time": "2022-11-27T12:19:34.282Z", "user": 2, "content_type": 11, "object_id": "3", "object_repr": "Cart object (3)", "action_flag": 3, "change_message": ""}}, {"model": "admin.logentry", "pk": 49, "fields": {"action_time": "2022-11-27T12:19:34.283Z", "user": 2, "content_type": 11, "object_id": "2", "object_repr": "Cart object (2)", "action_flag": 3, "change_message": ""}}, {"model": "admin.logentry", "pk": 50, "fields": {"action_time": "2022-11-27T12:19:34.283Z", "user": 2, "content_type": 11, "object_id": "1", "object_repr": "Cart object (1)", "action_flag": 3, "change_message": ""}}, {"model": "admin.logentry", "pk": 51, "fields": {"action_time": "2022-11-27T12:33:53.116Z", "user": 2, "content_type": 11, "object_id": "6", "object_repr": "Cart object (6)", "action_flag": 3, "change_message": ""}}, {"model": "admin.logentry", "pk": 52, "fields": {"action_time": "2022-11-27T12:33:58.964Z", "user": 2, "content_type": 11, "object_id": "7", "object_repr": "Cart object (7)", "action_flag": 3, "change_message": ""}}, {"model": "admin.logentry", "pk": 53, "fields": {"action_time": "2022-11-27T12:49:51.085Z", "user": 2, "content_type": 11, "object_id": "14", "object_repr": "Cart object (14)", "action_flag": 3, "change_message": ""}}, {"model": "admin.logentry", "pk": 54, "fields": {"action_time": "2022-11-27T12:49:51.089Z", "user": 2, "content_type": 11, "object_id": "13", "object_repr": "Cart object (13)", "action_flag": 3, "change_message": ""}}, {"model": "admin.logentry", "pk": 55, "fields": {"action_time": "2022-11-27T12:49:51.090Z", "user": 2, "content_type": 11, "object_id": "12", "object_repr": "Cart object (12)", "action_flag": 3, "change_message": ""}}, {"model": "admin.logentry", "pk": 56, "fields": {"action_time": "2022-11-27T12:49:51.090Z", "user": 2, "content_type": 11, "object_id": "11", "object_repr": "Cart object (11)", "action_flag": 3, "change_message": ""}}, {"model": "admin.logentry", "pk": 57, "fields": {"action_time": "2022-11-27T12:49:51.092Z", "user": 2, "content_type": 11, "object_id": "10", "object_repr": "Cart object (10)", "action_flag": 3, "change_message": ""}}, {"model": "admin.logentry", "pk": 58, "fields": {"action_time": "2022-11-27T12:49:51.092Z", "user": 2, "content_type": 11, "object_id": "9", "object_repr": "Cart object (9)", "action_flag": 3, "change_message": ""}}, {"model": "admin.logentry", "pk": 59, "fields": {"action_time": "2022-11-27T12:49:51.092Z", "user": 2, "content_type": 11, "object_id": "8", "object_repr": "Cart object (8)", "action_flag": 3, "change_message": ""}}, {"model": "admin.logentry", "pk": 60, "fields": {"action_time": "2022-11-27T23:15:09.266Z", "user": 2, "content_type": 11, "object_id": "17", "object_repr": "Cart object (17)", "action_flag": 3, "change_message": ""}}, {"model": "admin.logentry", "pk": 61, "fields": {"action_time": "2022-11-27T23:15:09.272Z", "user": 2, "content_type": 11, "object_id": "16", "object_repr": "Cart object (16)", "action_flag": 3, "change_message": ""}}, {"model": "admin.logentry", "pk": 62, "fields": {"action_time": "2022-11-27T23:15:09.273Z", "user": 2, "content_type": 11, "object_id": "15", "object_repr": "Cart object (15)", "action_flag": 3, "change_message": ""}}, {"model": "admin.logentry", "pk": 63, "fields": {"action_time": "2022-11-27T23:15:09.274Z", "user": 2, "content_type": 11, "object_id": "18", "object_repr": "Cart object (18)", "action_flag": 3, "change_message": ""}}, {"model": "admin.logentry", "pk": 64, "fields": {"action_time": "2022-11-28T01:53:02.620Z", "user": 2, "content_type": 11, "object_id": "19", "object_repr": "Cart object (19)", "action_flag": 1, "change_message": "[{\"added\": {}}]"}}, {"model": "admin.logentry", "pk": 65, "fields": {"action_time": "2022-11-28T01:54:00.851Z", "user": 2, "content_type": 11, "object_id": "19", "object_repr": "Cart object (19)", "action_flag": 3, "change_message": ""}}, {"model": "admin.logentry", "pk": 66, "fields": {"action_time": "2022-11-28T12:05:38.607Z", "user": 2, "content_type": 11, "object_id": "27", "object_repr": "Cart object (27)", "action_flag": 3, "change_message": ""}}, {"model": "admin.logentry", "pk": 67, "fields": {"action_time": "2022-11-28T12:05:38.611Z", "user": 2, "content_type": 11, "object_id": "26", "object_repr": "Cart object (26)", "action_flag": 3, "change_message": ""}}, {"model": "admin.logentry", "pk": 68, "fields": {"action_time": "2022-12-05T16:26:52.155Z", "user": 2, "content_type": 6, "object_id": "23", "object_repr": "sebson@gmail.com", "action_flag": 2, "change_message": "[{\"changed\": {\"fields\": [\"Is active\"]}}]"}}, {"model": "admin.logentry", "pk": 69, "fields": {"action_time": "2022-12-05T16:26:59.132Z", "user": 2, "content_type": 8, "object_id": "10", "object_repr": "Kebab King", "action_flag": 2, "change_message": "[{\"changed\": {\"fields\": [\"Is approved\"]}}]"}}, {"model": "admin.logentry", "pk": 70, "fields": {"action_time": "2022-12-05T18:57:11.983Z", "user": 2, "content_type": 10, "object_id": "10", "object_repr": "Chicken", "action_flag": 3, "change_message": ""}}, {"model": "admin.logentry", "pk": 71, "fields": {"action_time": "2022-12-06T12:08:09.205Z", "user": 2, "content_type": 7, "object_id": "23", "object_repr": "sebson@gmail.com", "action_flag": 2, "change_message": "[]"}}, {"model": "admin.logentry", "pk": 72, "fields": {"action_time": "2022-12-06T12:24:39.502Z", "user": 2, "content_type": 7, "object_id": "23", "object_repr": "sebson@gmail.com", "action_flag": 2, "change_message": "[]"}}, {"model": "admin.logentry", "pk": 73, "fields": {"action_time": "2022-12-06T12:24:46.446Z", "user": 2, "content_type": 7, "object_id": "23", "object_repr": "sebson@gmail.com", "action_flag": 2, "change_message": "[]"}}, {"model": "admin.logentry", "pk": 74, "fields": {"action_time": "2022-12-06T14:29:26.968Z", "user": 2, "content_type": 7, "object_id": "23", "object_repr": "sebson@gmail.com", "action_flag": 2, "change_message": "[{\"changed\": {\"fields\": [\"Address\", \"State\", \"City\", \"Pin code\"]}}]"}}, {"model": "admin.logentry", "pk": 75, "fields": {"action_time": "2022-12-07T23:09:55.382Z", "user": 2, "content_type": 12, "object_id": "1", "object_repr": "dfsffds", "action_flag": 1, "change_message": "[{\"added\": {}}]"}}, {"model": "admin.logentry", "pk": 76, "fields": {"action_time": "2022-12-08T22:55:32.441Z", "user": 2, "content_type": 12, "object_id": "11", "object_repr": "Monday", "action_flag": 3, "change_message": ""}}, {"model": "admin.logentry", "pk": 77, "fields": {"action_time": "2022-12-08T22:55:32.445Z", "user": 2, "content_type": 12, "object_id": "1", "object_repr": "Monday", "action_flag": 3, "change_message": ""}}, {"model": "admin.logentry", "pk": 78, "fields": {"action_time": "2022-12-08T22:55:32.446Z", "user": 2, "content_type": 12, "object_id": "7", "object_repr": "Monday", "action_flag": 3, "change_message": ""}}, {"model": "admin.logentry", "pk": 79, "fields": {"action_time": "2022-12-08T22:55:32.446Z", "user": 2, "content_type": 12, "object_id": "9", "object_repr": "Monday", "action_flag": 3, "change_message": ""}}, {"model": "admin.logentry", "pk": 80, "fields": {"action_time": "2022-12-08T22:55:32.447Z", "user": 2, "content_type": 12, "object_id": "10", "object_repr": "Tuesday", "action_flag": 3, "change_message": ""}}, {"model": "admin.logentry", "pk": 81, "fields": {"action_time": "2022-12-08T22:55:32.448Z", "user": 2, "content_type": 12, "object_id": "12", "object_repr": "Tuesday", "action_flag": 3, "change_message": ""}}, {"model": "admin.logentry", "pk": 82, "fields": {"action_time": "2022-12-08T22:55:32.448Z", "user": 2, "content_type": 12, "object_id": "8", "object_repr": "Tuesday", "action_flag": 3, "change_message": ""}}, {"model": "admin.logentry", "pk": 83, "fields": {"action_time": "2022-12-08T22:55:32.449Z", "user": 2, "content_type": 12, "object_id": "4", "object_repr": "Tuesday", "action_flag": 3, "change_message": ""}}, {"model": "admin.logentry", "pk": 84, "fields": {"action_time": "2022-12-08T22:55:32.450Z", "user": 2, "content_type": 12, "object_id": "2", "object_repr": "Wednesday", "action_flag": 3, "change_message": ""}}, {"model": "admin.logentry", "pk": 85, "fields": {"action_time": "2022-12-08T22:55:32.450Z", "user": 2, "content_type": 12, "object_id": "3", "object_repr": "Wednesday", "action_flag": 3, "change_message": ""}}, {"model": "admin.logentry", "pk": 86, "fields": {"action_time": "2022-12-08T22:55:32.451Z", "user": 2, "content_type": 12, "object_id": "13", "object_repr": "Wednesday", "action_flag": 3, "change_message": ""}}, {"model": "admin.logentry", "pk": 87, "fields": {"action_time": "2022-12-08T22:55:32.451Z", "user": 2, "content_type": 12, "object_id": "27", "object_repr": "Thursday", "action_flag": 3, "change_message": ""}}, {"model": "admin.logentry", "pk": 88, "fields": {"action_time": "2022-12-08T22:55:32.452Z", "user": 2, "content_type": 12, "object_id": "29", "object_repr": "Thursday", "action_flag": 3, "change_message": ""}}, {"model": "admin.logentry", "pk": 89, "fields": {"action_time": "2022-12-08T22:55:32.454Z", "user": 2, "content_type": 12, "object_id": "16", "object_repr": "Thursday", "action_flag": 3, "change_message": ""}}, {"model": "admin.logentry", "pk": 90, "fields": {"action_time": "2022-12-08T22:55:32.454Z", "user": 2, "content_type": 12, "object_id": "20", "object_repr": "Friday", "action_flag": 3, "change_message": ""}}, {"model": "admin.logentry", "pk": 91, "fields": {"action_time": "2022-12-08T22:55:32.455Z", "user": 2, "content_type": 12, "object_id": "14", "object_repr": "Friday", "action_flag": 3, "change_message": ""}}, {"model": "admin.logentry", "pk": 92, "fields": {"action_time": "2022-12-08T22:55:32.456Z", "user": 2, "content_type": 12, "object_id": "15", "object_repr": "Friday", "action_flag": 3, "change_message": ""}}, {"model": "admin.logentry", "pk": 93, "fields": {"action_time": "2022-12-08T22:55:32.457Z", "user": 2, "content_type": 12, "object_id": "17", "object_repr": "Friday", "action_flag": 3, "change_message": ""}}, {"model": "admin.logentry", "pk": 94, "fields": {"action_time": "2022-12-08T22:55:32.457Z", "user": 2, "content_type": 12, "object_id": "22", "object_repr": "Friday", "action_flag": 3, "change_message": ""}}, {"model": "admin.logentry", "pk": 95, "fields": {"action_time": "2022-12-08T22:55:32.458Z", "user": 2, "content_type": 12, "object_id": "19", "object_repr": "Saturday", "action_flag": 3, "change_message": ""}}, {"model": "admin.logentry", "pk": 96, "fields": {"action_time": "2022-12-08T22:55:32.459Z", "user": 2, "content_type": 12, "object_id": "28", "object_repr": "Saturday", "action_flag": 3, "change_message": ""}}, {"model": "admin.logentry", "pk": 97, "fields": {"action_time": "2022-12-08T22:55:32.459Z", "user": 2, "content_type": 12, "object_id": "30", "object_repr": "Sunday", "action_flag": 3, "change_message": ""}}, {"model": "admin.logentry", "pk": 98, "fields": {"action_time": "2022-12-08T22:55:32.460Z", "user": 2, "content_type": 12, "object_id": "18", "object_repr": "Sunday", "action_flag": 3, "change_message": ""}}, {"model": "admin.logentry", "pk": 99, "fields": {"action_time": "2022-12-08T22:55:32.460Z", "user": 2, "content_type": 12, "object_id": "21", "object_repr": "Sunday", "action_flag": 3, "change_message": ""}}, {"model": "admin.logentry", "pk": 100, "fields": {"action_time": "2022-12-10T19:12:44.876Z", "user": 2, "content_type": 13, "object_id": "1", "object_repr": "CGST", "action_flag": 1, "change_message": "[{\"added\": {}}]"}}, {"model": "admin.logentry", "pk": 101, "fields": {"action_time": "2022-12-10T19:13:00.646Z", "user": 2, "content_type": 13, "object_id": "2", "object_repr": "SGST", "action_flag": 1, "change_message": "[{\"added\": {}}]"}}, {"model": "admin.logentry", "pk": 102, "fields": {"action_time": "2022-12-11T10:23:05.904Z", "user": 2, "content_type": 6, "object_id": "24", "object_repr": "seba@gmail.com", "action_flag": 2, "change_message": "[{\"changed\": {\"fields\": [\"Is active\"]}}]"}}, {"model": "admin.logentry", "pk": 103, "fields": {"action_time": "2022-12-11T17:53:53.955Z", "user": 2, "content_type": 7, "object_id": "24", "object_repr": "seba@gmail.com", "action_flag": 2, "change_message": "[{\"changed\": {\"fields\": [\"Country\"]}}]"}}, {"model": "admin.logentry", "pk": 104, "fields": {"action_time": "2022-12-11T17:55:16.609Z", "user": 2, "content_type": 7, "object_id": "24", "object_repr": "seba@gmail.com", "action_flag": 2, "change_message": "[{\"changed\": {\"fields\": [\"Location\"]}}]"}}, {"model": "admin.logentry", "pk": 105, "fields": {"action_time": "2022-12-11T18:06:21.963Z", "user": 2, "content_type": 6, "object_id": "24", "object_repr": "seba@gmail.com", "action_flag": 2, "change_message": "[{\"changed\": {\"fields\": [\"Phone number\"]}}]"}}, {"model": "admin.logentry", "pk": 106, "fields": {"action_time": "2022-12-12T16:52:51.846Z", "user": 2, "content_type": 6, "object_id": "19", "object_repr": "sebastian.wieczorek505@gmail.com", "action_flag": 2, "change_message": "[{\"changed\": {\"fields\": [\"Phone number\"]}}]"}}, {"model": "admin.logentry", "pk": 107, "fields": {"action_time": "2022-12-13T15:28:35.138Z", "user": 2, "content_type": 14, "object_id": "6", "object_repr": "1234", "action_flag": 3, "change_message": ""}}, {"model": "admin.logentry", "pk": 108, "fields": {"action_time": "2022-12-13T15:28:35.150Z", "user": 2, "content_type": 14, "object_id": "5", "object_repr": "1234", "action_flag": 3, "change_message": ""}}, {"model": "admin.logentry", "pk": 109, "fields": {"action_time": "2022-12-13T15:28:35.151Z", "user": 2, "content_type": 14, "object_id": "4", "object_repr": "1234", "action_flag": 3, "change_message": ""}}, {"model": "admin.logentry", "pk": 110, "fields": {"action_time": "2022-12-13T15:28:35.151Z", "user": 2, "content_type": 14, "object_id": "3", "object_repr": "1234", "action_flag": 3, "change_message": ""}}, {"model": "admin.logentry", "pk": 111, "fields": {"action_time": "2022-12-13T15:28:35.154Z", "user": 2, "content_type": 14, "object_id": "2", "object_repr": "1234", "action_flag": 3, "change_message": ""}}, {"model": "admin.logentry", "pk": 112, "fields": {"action_time": "2022-12-13T15:28:35.155Z", "user": 2, "content_type": 14, "object_id": "1", "object_repr": "1234", "action_flag": 3, "change_message": ""}}, {"model": "admin.logentry", "pk": 113, "fields": {"action_time": "2022-12-20T20:11:16.966Z", "user": 2, "content_type": 14, "object_id": "48", "object_repr": "2022122019032048", "action_flag": 3, "change_message": ""}}, {"model": "admin.logentry", "pk": 114, "fields": {"action_time": "2022-12-20T20:11:16.977Z", "user": 2, "content_type": 14, "object_id": "47", "object_repr": "2022122019030747", "action_flag": 3, "change_message": ""}}, {"model": "admin.logentry", "pk": 115, "fields": {"action_time": "2022-12-20T20:11:16.978Z", "user": 2, "content_type": 14, "object_id": "46", "object_repr": "2022122019024546", "action_flag": 3, "change_message": ""}}, {"model": "admin.logentry", "pk": 116, "fields": {"action_time": "2022-12-20T20:11:16.979Z", "user": 2, "content_type": 14, "object_id": "45", "object_repr": "2022122019023045", "action_flag": 3, "change_message": ""}}, {"model": "admin.logentry", "pk": 117, "fields": {"action_time": "2022-12-20T20:11:16.979Z", "user": 2, "content_type": 14, "object_id": "44", "object_repr": "2022122019021844", "action_flag": 3, "change_message": ""}}, {"model": "admin.logentry", "pk": 118, "fields": {"action_time": "2022-12-20T20:11:16.980Z", "user": 2, "content_type": 14, "object_id": "43", "object_repr": "2022122019020843", "action_flag": 3, "change_message": ""}}, {"model": "admin.logentry", "pk": 119, "fields": {"action_time": "2022-12-20T20:11:16.981Z", "user": 2, "content_type": 14, "object_id": "42", "object_repr": "2022122019014342", "action_flag": 3, "change_message": ""}}, {"model": "admin.logentry", "pk": 120, "fields": {"action_time": "2022-12-20T20:11:16.981Z", "user": 2, "content_type": 14, "object_id": "41", "object_repr": "2022122019010241", "action_flag": 3, "change_message": ""}}, {"model": "admin.logentry", "pk": 121, "fields": {"action_time": "2022-12-20T20:11:16.982Z", "user": 2, "content_type": 14, "object_id": "40", "object_repr": "2022122019002340", "action_flag": 3, "change_message": ""}}, {"model": "admin.logentry", "pk": 122, "fields": {"action_time": "2022-12-20T20:11:16.983Z", "user": 2, "content_type": 14, "object_id": "39", "object_repr": "2022122018595439", "action_flag": 3, "change_message": ""}}, {"model": "admin.logentry", "pk": 123, "fields": {"action_time": "2022-12-20T20:11:16.983Z", "user": 2, "content_type": 14, "object_id": "38", "object_repr": "2022122018593238", "action_flag": 3, "change_message": ""}}, {"model": "admin.logentry", "pk": 124, "fields": {"action_time": "2022-12-20T20:11:16.984Z", "user": 2, "content_type": 14, "object_id": "37", "object_repr": "2022122018590837", "action_flag": 3, "change_message": ""}}, {"model": "admin.logentry", "pk": 125, "fields": {"action_time": "2022-12-20T20:11:16.985Z", "user": 2, "content_type": 14, "object_id": "36", "object_repr": "2022122018582936", "action_flag": 3, "change_message": ""}}, {"model": "admin.logentry", "pk": 126, "fields": {"action_time": "2022-12-20T20:11:16.986Z", "user": 2, "content_type": 14, "object_id": "35", "object_repr": "2022122018580735", "action_flag": 3, "change_message": ""}}, {"model": "admin.logentry", "pk": 127, "fields": {"action_time": "2022-12-20T20:11:16.986Z", "user": 2, "content_type": 14, "object_id": "34", "object_repr": "2022122018570734", "action_flag": 3, "change_message": ""}}, {"model": "admin.logentry", "pk": 128, "fields": {"action_time": "2022-12-20T20:11:16.987Z", "user": 2, "content_type": 14, "object_id": "33", "object_repr": "2022122018532633", "action_flag": 3, "change_message": ""}}, {"model": "admin.logentry", "pk": 129, "fields": {"action_time": "2022-12-20T20:11:16.988Z", "user": 2, "content_type": 14, "object_id": "32", "object_repr": "2022122018532132", "action_flag": 3, "change_message": ""}}, {"model": "admin.logentry", "pk": 130, "fields": {"action_time": "2022-12-20T20:11:16.988Z", "user": 2, "content_type": 14, "object_id": "31", "object_repr": "2022122018523831", "action_flag": 3, "change_message": ""}}, {"model": "admin.logentry", "pk": 131, "fields": {"action_time": "2022-12-20T20:11:16.989Z", "user": 2, "content_type": 14, "object_id": "30", "object_repr": "2022122018494030", "action_flag": 3, "change_message": ""}}, {"model": "admin.logentry", "pk": 132, "fields": {"action_time": "2022-12-20T20:11:16.989Z", "user": 2, "content_type": 14, "object_id": "29", "object_repr": "2022122018492329", "action_flag": 3, "change_message": ""}}, {"model": "admin.logentry", "pk": 133, "fields": {"action_time": "2022-12-20T20:11:16.990Z", "user": 2, "content_type": 14, "object_id": "28", "object_repr": "2022122018145628", "action_flag": 3, "change_message": ""}}, {"model": "admin.logentry", "pk": 134, "fields": {"action_time": "2022-12-20T20:11:16.991Z", "user": 2, "content_type": 14, "object_id": "27", "object_repr": "2022122018145527", "action_flag": 3, "change_message": ""}}, {"model": "admin.logentry", "pk": 135, "fields": {"action_time": "2022-12-20T20:11:16.991Z", "user": 2, "content_type": 14, "object_id": "26", "object_repr": "2022122017583126", "action_flag": 3, "change_message": ""}}, {"model": "admin.logentry", "pk": 136, "fields": {"action_time": "2022-12-20T20:11:16.992Z", "user": 2, "content_type": 14, "object_id": "25", "object_repr": "2022122017554825", "action_flag": 3, "change_message": ""}}, {"model": "admin.logentry", "pk": 137, "fields": {"action_time": "2022-12-20T20:11:16.992Z", "user": 2, "content_type": 14, "object_id": "24", "object_repr": "2022122017553624", "action_flag": 3, "change_message": ""}}, {"model": "admin.logentry", "pk": 138, "fields": {"action_time": "2022-12-20T20:11:16.993Z", "user": 2, "content_type": 14, "object_id": "23", "object_repr": "2022122017553123", "action_flag": 3, "change_message": ""}}, {"model": "admin.logentry", "pk": 139, "fields": {"action_time": "2022-12-20T20:11:16.994Z", "user": 2, "content_type": 14, "object_id": "22", "object_repr": "2022122017552722", "action_flag": 3, "change_message": ""}}, {"model": "admin.logentry", "pk": 140, "fields": {"action_time": "2022-12-20T20:11:16.994Z", "user": 2, "content_type": 14, "object_id": "21", "object_repr": "2022122017545221", "action_flag": 3, "change_message": ""}}, {"model": "admin.logentry", "pk": 141, "fields": {"action_time": "2022-12-20T20:11:16.995Z", "user": 2, "content_type": 14, "object_id": "20", "object_repr": "2022122017545020", "action_flag": 3, "change_message": ""}}, {"model": "admin.logentry", "pk": 142, "fields": {"action_time": "2022-12-20T20:11:16.995Z", "user": 2, "content_type": 14, "object_id": "19", "object_repr": "2022122017543619", "action_flag": 3, "change_message": ""}}, {"model": "admin.logentry", "pk": 143, "fields": {"action_time": "2022-12-20T20:11:16.996Z", "user": 2, "content_type": 14, "object_id": "18", "object_repr": "2022122017165018", "action_flag": 3, "change_message": ""}}, {"model": "admin.logentry", "pk": 144, "fields": {"action_time": "2022-12-20T20:11:16.997Z", "user": 2, "content_type": 14, "object_id": "17", "object_repr": "2022122017121417", "action_flag": 3, "change_message": ""}}, {"model": "admin.logentry", "pk": 145, "fields": {"action_time": "2022-12-20T20:11:16.997Z", "user": 2, "content_type": 14, "object_id": "16", "object_repr": "2022122017104616", "action_flag": 3, "change_message": ""}}, {"model": "admin.logentry", "pk": 146, "fields": {"action_time": "2022-12-20T20:11:16.998Z", "user": 2, "content_type": 14, "object_id": "15", "object_repr": "2022122017095915", "action_flag": 3, "change_message": ""}}, {"model": "admin.logentry", "pk": 147, "fields": {"action_time": "2022-12-20T20:11:16.999Z", "user": 2, "content_type": 14, "object_id": "14", "object_repr": "2022122017094714", "action_flag": 3, "change_message": ""}}, {"model": "admin.logentry", "pk": 148, "fields": {"action_time": "2022-12-20T20:11:16.999Z", "user": 2, "content_type": 14, "object_id": "13", "object_repr": "2022122017051513", "action_flag": 3, "change_message": ""}}, {"model": "admin.logentry", "pk": 149, "fields": {"action_time": "2022-12-20T20:11:17.000Z", "user": 2, "content_type": 14, "object_id": "12", "object_repr": "2022122017023812", "action_flag": 3, "change_message": ""}}, {"model": "admin.logentry", "pk": 150, "fields": {"action_time": "2022-12-20T20:11:17.000Z", "user": 2, "content_type": 14, "object_id": "11", "object_repr": "2022122017005611", "action_flag": 3, "change_message": ""}}, {"model": "admin.logentry", "pk": 151, "fields": {"action_time": "2022-12-20T20:11:17.001Z", "user": 2, "content_type": 14, "object_id": "10", "object_repr": "2022122016581710", "action_flag": 3, "change_message": ""}}, {"model": "admin.logentry", "pk": 152, "fields": {"action_time": "2022-12-20T20:11:17.002Z", "user": 2, "content_type": 14, "object_id": "9", "object_repr": "202212201514309", "action_flag": 3, "change_message": ""}}, {"model": "admin.logentry", "pk": 153, "fields": {"action_time": "2022-12-20T20:11:17.002Z", "user": 2, "content_type": 14, "object_id": "8", "object_repr": "202212201439598", "action_flag": 3, "change_message": ""}}, {"model": "admin.logentry", "pk": 154, "fields": {"action_time": "2022-12-20T20:11:17.003Z", "user": 2, "content_type": 14, "object_id": "7", "object_repr": "202212131627577", "action_flag": 3, "change_message": ""}}, {"model": "admin.logentry", "pk": 155, "fields": {"action_time": "2022-12-20T22:28:11.515Z", "user": 2, "content_type": 14, "object_id": "70", "object_repr": "2022122023170170", "action_flag": 3, "change_message": ""}}, {"model": "admin.logentry", "pk": 156, "fields": {"action_time": "2022-12-20T22:28:11.523Z", "user": 2, "content_type": 14, "object_id": "69", "object_repr": "2022122023110169", "action_flag": 3, "change_message": ""}}, {"model": "admin.logentry", "pk": 157, "fields": {"action_time": "2022-12-20T22:28:11.524Z", "user": 2, "content_type": 14, "object_id": "68", "object_repr": "2022122023110068", "action_flag": 3, "change_message": ""}}, {"model": "admin.logentry", "pk": 158, "fields": {"action_time": "2022-12-20T22:28:11.525Z", "user": 2, "content_type": 14, "object_id": "67", "object_repr": "2022122023040167", "action_flag": 3, "change_message": ""}}, {"model": "admin.logentry", "pk": 159, "fields": {"action_time": "2022-12-20T22:28:11.525Z", "user": 2, "content_type": 14, "object_id": "66", "object_repr": "2022122023005766", "action_flag": 3, "change_message": ""}}, {"model": "admin.logentry", "pk": 160, "fields": {"action_time": "2022-12-20T22:28:11.526Z", "user": 2, "content_type": 14, "object_id": "65", "object_repr": "2022122023005065", "action_flag": 3, "change_message": ""}}, {"model": "admin.logentry", "pk": 161, "fields": {"action_time": "2022-12-20T22:28:11.526Z", "user": 2, "content_type": 14, "object_id": "64", "object_repr": "2022122023001064", "action_flag": 3, "change_message": ""}}, {"model": "admin.logentry", "pk": 162, "fields": {"action_time": "2022-12-20T22:28:11.527Z", "user": 2, "content_type": 14, "object_id": "63", "object_repr": "2022122023000963", "action_flag": 3, "change_message": ""}}, {"model": "admin.logentry", "pk": 163, "fields": {"action_time": "2022-12-20T22:28:11.528Z", "user": 2, "content_type": 14, "object_id": "62", "object_repr": "2022122022564162", "action_flag": 3, "change_message": ""}}, {"model": "admin.logentry", "pk": 164, "fields": {"action_time": "2022-12-20T22:28:11.528Z", "user": 2, "content_type": 14, "object_id": "61", "object_repr": "2022122022554061", "action_flag": 3, "change_message": ""}}, {"model": "admin.logentry", "pk": 165, "fields": {"action_time": "2022-12-20T22:28:11.530Z", "user": 2, "content_type": 14, "object_id": "60", "object_repr": "2022122022553860", "action_flag": 3, "change_message": ""}}, {"model": "admin.logentry", "pk": 166, "fields": {"action_time": "2022-12-20T22:28:11.530Z", "user": 2, "content_type": 14, "object_id": "59", "object_repr": "2022122021443059", "action_flag": 3, "change_message": ""}}, {"model": "admin.logentry", "pk": 167, "fields": {"action_time": "2022-12-20T22:28:11.531Z", "user": 2, "content_type": 14, "object_id": "58", "object_repr": "2022122021401458", "action_flag": 3, "change_message": ""}}, {"model": "admin.logentry", "pk": 168, "fields": {"action_time": "2022-12-20T22:28:11.531Z", "user": 2, "content_type": 14, "object_id": "57", "object_repr": "2022122021360657", "action_flag": 3, "change_message": ""}}, {"model": "admin.logentry", "pk": 169, "fields": {"action_time": "2022-12-20T22:28:11.532Z", "user": 2, "content_type": 14, "object_id": "56", "object_repr": "2022122021354756", "action_flag": 3, "change_message": ""}}, {"model": "admin.logentry", "pk": 170, "fields": {"action_time": "2022-12-20T22:28:11.532Z", "user": 2, "content_type": 14, "object_id": "55", "object_repr": "2022122021354355", "action_flag": 3, "change_message": ""}}, {"model": "admin.logentry", "pk": 171, "fields": {"action_time": "2022-12-20T22:28:11.533Z", "user": 2, "content_type": 14, "object_id": "54", "object_repr": "2022122021302354", "action_flag": 3, "change_message": ""}}, {"model": "admin.logentry", "pk": 172, "fields": {"action_time": "2022-12-20T22:28:11.534Z", "user": 2, "content_type": 14, "object_id": "53", "object_repr": "2022122021283053", "action_flag": 3, "change_message": ""}}, {"model": "admin.logentry", "pk": 173, "fields": {"action_time": "2022-12-20T22:28:11.535Z", "user": 2, "content_type": 14, "object_id": "52", "object_repr": "2022122021262352", "action_flag": 3, "change_message": ""}}, {"model": "admin.logentry", "pk": 174, "fields": {"action_time": "2022-12-20T22:28:11.535Z", "user": 2, "content_type": 14, "object_id": "51", "object_repr": "2022122019110551", "action_flag": 3, "change_message": ""}}, {"model": "admin.logentry", "pk": 175, "fields": {"action_time": "2022-12-20T22:28:11.536Z", "user": 2, "content_type": 14, "object_id": "50", "object_repr": "2022122019104750", "action_flag": 3, "change_message": ""}}, {"model": "admin.logentry", "pk": 176, "fields": {"action_time": "2022-12-20T22:28:11.537Z", "user": 2, "content_type": 14, "object_id": "49", "object_repr": "2022122019090749", "action_flag": 3, "change_message": ""}}, {"model": "admin.logentry", "pk": 177, "fields": {"action_time": "2022-12-20T22:31:27.084Z", "user": 2, "content_type": 14, "object_id": "72", "object_repr": "2022122023281972", "action_flag": 3, "change_message": ""}}, {"model": "admin.logentry", "pk": 178, "fields": {"action_time": "2022-12-20T22:31:27.089Z", "user": 2, "content_type": 14, "object_id": "71", "object_repr": "2022122023281871", "action_flag": 3, "change_message": ""}}, {"model": "admin.logentry", "pk": 179, "fields": {"action_time": "2022-12-20T22:32:02.591Z", "user": 2, "content_type": 6, "object_id": "18", "object_repr": "sebastian.wieczorek11@gmail.com", "action_flag": 2, "change_message": "[{\"changed\": {\"fields\": [\"Phone number\"]}}]"}}, {"model": "admin.logentry", "pk": 180, "fields": {"action_time": "2022-12-21T13:09:01.133Z", "user": 2, "content_type": 14, "object_id": "91", "object_repr": "2022122114011491", "action_flag": 3, "change_message": ""}}, {"model": "admin.logentry", "pk": 181, "fields": {"action_time": "2022-12-21T13:09:01.149Z", "user": 2, "content_type": 14, "object_id": "90", "object_repr": "2022122113585890", "action_flag": 3, "change_message": ""}}, {"model": "admin.logentry", "pk": 182, "fields": {"action_time": "2022-12-21T13:09:01.150Z", "user": 2, "content_type": 14, "object_id": "89", "object_repr": "2022122100235989", "action_flag": 3, "change_message": ""}}, {"model": "admin.logentry", "pk": 183, "fields": {"action_time": "2022-12-21T13:09:01.151Z", "user": 2, "content_type": 14, "object_id": "88", "object_repr": "2022122100235988", "action_flag": 3, "change_message": ""}}, {"model": "admin.logentry", "pk": 184, "fields": {"action_time": "2022-12-21T13:09:01.151Z", "user": 2, "content_type": 14, "object_id": "87", "object_repr": "2022122100231987", "action_flag": 3, "change_message": ""}}, {"model": "admin.logentry", "pk": 185, "fields": {"action_time": "2022-12-21T13:09:01.152Z", "user": 2, "content_type": 14, "object_id": "86", "object_repr": "2022122100205386", "action_flag": 3, "change_message": ""}}, {"model": "admin.logentry", "pk": 186, "fields": {"action_time": "2022-12-21T13:09:01.153Z", "user": 2, "content_type": 14, "object_id": "85", "object_repr": "2022122100160385", "action_flag": 3, "change_message": ""}}, {"model": "admin.logentry", "pk": 187, "fields": {"action_time": "2022-12-21T13:09:01.153Z", "user": 2, "content_type": 14, "object_id": "84", "object_repr": "2022122100151284", "action_flag": 3, "change_message": ""}}, {"model": "admin.logentry", "pk": 188, "fields": {"action_time": "2022-12-21T13:09:01.154Z", "user": 2, "content_type": 14, "object_id": "83", "object_repr": "2022122100143683", "action_flag": 3, "change_message": ""}}, {"model": "admin.logentry", "pk": 189, "fields": {"action_time": "2022-12-21T13:09:01.155Z", "user": 2, "content_type": 14, "object_id": "82", "object_repr": "2022122100140282", "action_flag": 3, "change_message": ""}}, {"model": "admin.logentry", "pk": 190, "fields": {"action_time": "2022-12-21T13:09:01.156Z", "user": 2, "content_type": 14, "object_id": "81", "object_repr": "2022122100132781", "action_flag": 3, "change_message": ""}}, {"model": "admin.logentry", "pk": 191, "fields": {"action_time": "2022-12-21T13:09:01.157Z", "user": 2, "content_type": 14, "object_id": "80", "object_repr": "2022122100125580", "action_flag": 3, "change_message": ""}}, {"model": "admin.logentry", "pk": 192, "fields": {"action_time": "2022-12-21T13:09:01.157Z", "user": 2, "content_type": 14, "object_id": "79", "object_repr": "2022122100125479", "action_flag": 3, "change_message": ""}}, {"model": "admin.logentry", "pk": 193, "fields": {"action_time": "2022-12-21T13:09:01.158Z", "user": 2, "content_type": 14, "object_id": "78", "object_repr": "2022122100122278", "action_flag": 3, "change_message": ""}}, {"model": "admin.logentry", "pk": 194, "fields": {"action_time": "2022-12-21T13:09:01.158Z", "user": 2, "content_type": 14, "object_id": "77", "object_repr": "2022122100114077", "action_flag": 3, "change_message": ""}}, {"model": "admin.logentry", "pk": 195, "fields": {"action_time": "2022-12-21T13:09:01.159Z", "user": 2, "content_type": 14, "object_id": "76", "object_repr": "2022122023545776", "action_flag": 3, "change_message": ""}}, {"model": "admin.logentry", "pk": 196, "fields": {"action_time": "2022-12-21T13:09:01.160Z", "user": 2, "content_type": 14, "object_id": "75", "object_repr": "2022122023525675", "action_flag": 3, "change_message": ""}}, {"model": "admin.logentry", "pk": 197, "fields": {"action_time": "2022-12-21T13:09:01.160Z", "user": 2, "content_type": 14, "object_id": "74", "object_repr": "2022122023412674", "action_flag": 3, "change_message": ""}}, {"model": "admin.logentry", "pk": 198, "fields": {"action_time": "2022-12-21T13:09:01.161Z", "user": 2, "content_type": 14, "object_id": "73", "object_repr": "2022122023320773", "action_flag": 3, "change_message": ""}}, {"model": "admin.logentry", "pk": 199, "fields": {"action_time": "2022-12-23T19:18:01.113Z", "user": 2, "content_type": 14, "object_id": "151", "object_repr": "20221223201500151", "action_flag": 3, "change_message": ""}}, {"model": "admin.logentry", "pk": 200, "fields": {"action_time": "2022-12-23T19:18:01.126Z", "user": 2, "content_type": 14, "object_id": "150", "object_repr": "20221223201412150", "action_flag": 3, "change_message": ""}}, {"model": "admin.logentry", "pk": 201, "fields": {"action_time": "2022-12-23T19:18:01.127Z", "user": 2, "content_type": 14, "object_id": "149", "object_repr": "20221223201234149", "action_flag": 3, "change_message": ""}}, {"model": "admin.logentry", "pk": 202, "fields": {"action_time": "2022-12-23T19:18:01.128Z", "user": 2, "content_type": 14, "object_id": "148", "object_repr": "20221223201127148", "action_flag": 3, "change_message": ""}}, {"model": "admin.logentry", "pk": 203, "fields": {"action_time": "2022-12-23T19:18:01.129Z", "user": 2, "content_type": 14, "object_id": "147", "object_repr": "20221223201054147", "action_flag": 3, "change_message": ""}}, {"model": "admin.logentry", "pk": 204, "fields": {"action_time": "2022-12-23T19:18:01.129Z", "user": 2, "content_type": 14, "object_id": "146", "object_repr": "20221223191125146", "action_flag": 3, "change_message": ""}}, {"model": "admin.logentry", "pk": 205, "fields": {"action_time": "2022-12-23T19:18:01.130Z", "user": 2, "content_type": 14, "object_id": "145", "object_repr": "20221223190824145", "action_flag": 3, "change_message": ""}}, {"model": "admin.logentry", "pk": 206, "fields": {"action_time": "2022-12-23T19:18:01.130Z", "user": 2, "content_type": 14, "object_id": "144", "object_repr": "20221223190820144", "action_flag": 3, "change_message": ""}}, {"model": "admin.logentry", "pk": 207, "fields": {"action_time": "2022-12-23T19:18:01.131Z", "user": 2, "content_type": 14, "object_id": "143", "object_repr": "20221223190615143", "action_flag": 3, "change_message": ""}}, {"model": "admin.logentry", "pk": 208, "fields": {"action_time": "2022-12-23T19:18:01.131Z", "user": 2, "content_type": 14, "object_id": "142", "object_repr": "20221223190144142", "action_flag": 3, "change_message": ""}}, {"model": "admin.logentry", "pk": 209, "fields": {"action_time": "2022-12-23T19:18:01.132Z", "user": 2, "content_type": 14, "object_id": "141", "object_repr": "20221223175612141", "action_flag": 3, "change_message": ""}}, {"model": "admin.logentry", "pk": 210, "fields": {"action_time": "2022-12-23T19:18:01.132Z", "user": 2, "content_type": 14, "object_id": "140", "object_repr": "20221223175450140", "action_flag": 3, "change_message": ""}}, {"model": "admin.logentry", "pk": 211, "fields": {"action_time": "2022-12-23T19:18:01.133Z", "user": 2, "content_type": 14, "object_id": "139", "object_repr": "20221223175407139", "action_flag": 3, "change_message": ""}}, {"model": "admin.logentry", "pk": 212, "fields": {"action_time": "2022-12-23T19:18:01.133Z", "user": 2, "content_type": 14, "object_id": "138", "object_repr": "20221223175334138", "action_flag": 3, "change_message": ""}}, {"model": "admin.logentry", "pk": 213, "fields": {"action_time": "2022-12-23T19:18:01.134Z", "user": 2, "content_type": 14, "object_id": "137", "object_repr": "20221223175143137", "action_flag": 3, "change_message": ""}}, {"model": "admin.logentry", "pk": 214, "fields": {"action_time": "2022-12-23T19:18:01.134Z", "user": 2, "content_type": 14, "object_id": "136", "object_repr": "20221223174931136", "action_flag": 3, "change_message": ""}}, {"model": "admin.logentry", "pk": 215, "fields": {"action_time": "2022-12-23T19:18:01.135Z", "user": 2, "content_type": 14, "object_id": "135", "object_repr": "20221223172411135", "action_flag": 3, "change_message": ""}}, {"model": "admin.logentry", "pk": 216, "fields": {"action_time": "2022-12-23T19:18:01.135Z", "user": 2, "content_type": 14, "object_id": "134", "object_repr": "20221223171454134", "action_flag": 3, "change_message": ""}}, {"model": "admin.logentry", "pk": 217, "fields": {"action_time": "2022-12-23T19:18:01.136Z", "user": 2, "content_type": 14, "object_id": "133", "object_repr": "20221223171354133", "action_flag": 3, "change_message": ""}}, {"model": "admin.logentry", "pk": 218, "fields": {"action_time": "2022-12-23T19:18:01.136Z", "user": 2, "content_type": 14, "object_id": "132", "object_repr": "20221223171339132", "action_flag": 3, "change_message": ""}}, {"model": "admin.logentry", "pk": 219, "fields": {"action_time": "2022-12-23T19:18:01.136Z", "user": 2, "content_type": 14, "object_id": "131", "object_repr": "20221223171339131", "action_flag": 3, "change_message": ""}}, {"model": "admin.logentry", "pk": 220, "fields": {"action_time": "2022-12-23T19:18:01.138Z", "user": 2, "content_type": 14, "object_id": "130", "object_repr": "20221223171311130", "action_flag": 3, "change_message": ""}}, {"model": "admin.logentry", "pk": 221, "fields": {"action_time": "2022-12-23T19:18:01.138Z", "user": 2, "content_type": 14, "object_id": "129", "object_repr": "20221223171311129", "action_flag": 3, "change_message": ""}}, {"model": "admin.logentry", "pk": 222, "fields": {"action_time": "2022-12-23T19:18:01.139Z", "user": 2, "content_type": 14, "object_id": "128", "object_repr": "20221223171311128", "action_flag": 3, "change_message": ""}}, {"model": "admin.logentry", "pk": 223, "fields": {"action_time": "2022-12-23T19:18:01.139Z", "user": 2, "content_type": 14, "object_id": "127", "object_repr": "20221223171310127", "action_flag": 3, "change_message": ""}}, {"model": "admin.logentry", "pk": 224, "fields": {"action_time": "2022-12-23T19:18:01.140Z", "user": 2, "content_type": 14, "object_id": "126", "object_repr": "20221223171310126", "action_flag": 3, "change_message": ""}}, {"model": "admin.logentry", "pk": 225, "fields": {"action_time": "2022-12-23T19:18:01.140Z", "user": 2, "content_type": 14, "object_id": "125", "object_repr": "20221223171300125", "action_flag": 3, "change_message": ""}}, {"model": "admin.logentry", "pk": 226, "fields": {"action_time": "2022-12-23T19:18:01.141Z", "user": 2, "content_type": 14, "object_id": "124", "object_repr": "20221223171259124", "action_flag": 3, "change_message": ""}}, {"model": "admin.logentry", "pk": 227, "fields": {"action_time": "2022-12-23T19:18:01.142Z", "user": 2, "content_type": 14, "object_id": "123", "object_repr": "20221223170238123", "action_flag": 3, "change_message": ""}}, {"model": "admin.logentry", "pk": 228, "fields": {"action_time": "2022-12-23T19:18:01.142Z", "user": 2, "content_type": 14, "object_id": "122", "object_repr": "20221223170230122", "action_flag": 3, "change_message": ""}}, {"model": "admin.logentry", "pk": 229, "fields": {"action_time": "2022-12-23T19:18:01.143Z", "user": 2, "content_type": 14, "object_id": "121", "object_repr": "20221223170145121", "action_flag": 3, "change_message": ""}}, {"model": "admin.logentry", "pk": 230, "fields": {"action_time": "2022-12-23T19:18:01.143Z", "user": 2, "content_type": 14, "object_id": "120", "object_repr": "20221223170042120", "action_flag": 3, "change_message": ""}}, {"model": "admin.logentry", "pk": 231, "fields": {"action_time": "2022-12-23T19:18:01.144Z", "user": 2, "content_type": 14, "object_id": "119", "object_repr": "20221223170032119", "action_flag": 3, "change_message": ""}}, {"model": "admin.logentry", "pk": 232, "fields": {"action_time": "2022-12-23T19:18:01.144Z", "user": 2, "content_type": 14, "object_id": "118", "object_repr": "20221223170032118", "action_flag": 3, "change_message": ""}}, {"model": "admin.logentry", "pk": 233, "fields": {"action_time": "2022-12-23T19:18:01.145Z", "user": 2, "content_type": 14, "object_id": "117", "object_repr": "20221223170001117", "action_flag": 3, "change_message": ""}}, {"model": "admin.logentry", "pk": 234, "fields": {"action_time": "2022-12-23T19:18:01.145Z", "user": 2, "content_type": 14, "object_id": "116", "object_repr": "20221223170000116", "action_flag": 3, "change_message": ""}}, {"model": "admin.logentry", "pk": 235, "fields": {"action_time": "2022-12-23T19:18:01.147Z", "user": 2, "content_type": 14, "object_id": "115", "object_repr": "20221223165800115", "action_flag": 3, "change_message": ""}}, {"model": "admin.logentry", "pk": 236, "fields": {"action_time": "2022-12-23T19:18:01.147Z", "user": 2, "content_type": 14, "object_id": "114", "object_repr": "20221223165656114", "action_flag": 3, "change_message": ""}}, {"model": "admin.logentry", "pk": 237, "fields": {"action_time": "2022-12-23T19:18:01.148Z", "user": 2, "content_type": 14, "object_id": "113", "object_repr": "20221223165605113", "action_flag": 3, "change_message": ""}}, {"model": "admin.logentry", "pk": 238, "fields": {"action_time": "2022-12-23T19:18:01.148Z", "user": 2, "content_type": 14, "object_id": "112", "object_repr": "20221223165457112", "action_flag": 3, "change_message": ""}}, {"model": "admin.logentry", "pk": 239, "fields": {"action_time": "2022-12-23T19:18:01.149Z", "user": 2, "content_type": 14, "object_id": "111", "object_repr": "20221223165330111", "action_flag": 3, "change_message": ""}}, {"model": "admin.logentry", "pk": 240, "fields": {"action_time": "2022-12-23T19:18:01.149Z", "user": 2, "content_type": 14, "object_id": "110", "object_repr": "20221223022328110", "action_flag": 3, "change_message": ""}}, {"model": "admin.logentry", "pk": 241, "fields": {"action_time": "2022-12-23T19:18:01.150Z", "user": 2, "content_type": 14, "object_id": "109", "object_repr": "20221223022327109", "action_flag": 3, "change_message": ""}}, {"model": "admin.logentry", "pk": 242, "fields": {"action_time": "2022-12-23T19:18:01.150Z", "user": 2, "content_type": 14, "object_id": "108", "object_repr": "20221223022236108", "action_flag": 3, "change_message": ""}}, {"model": "admin.logentry", "pk": 243, "fields": {"action_time": "2022-12-23T19:18:01.151Z", "user": 2, "content_type": 14, "object_id": "107", "object_repr": "20221223014641107", "action_flag": 3, "change_message": ""}}, {"model": "admin.logentry", "pk": 244, "fields": {"action_time": "2022-12-23T19:18:01.151Z", "user": 2, "content_type": 14, "object_id": "106", "object_repr": "20221223014529106", "action_flag": 3, "change_message": ""}}, {"model": "admin.logentry", "pk": 245, "fields": {"action_time": "2022-12-23T19:18:01.151Z", "user": 2, "content_type": 14, "object_id": "105", "object_repr": "20221223014336105", "action_flag": 3, "change_message": ""}}, {"model": "admin.logentry", "pk": 246, "fields": {"action_time": "2022-12-23T19:18:01.151Z", "user": 2, "content_type": 14, "object_id": "104", "object_repr": "20221223014224104", "action_flag": 3, "change_message": ""}}, {"model": "admin.logentry", "pk": 247, "fields": {"action_time": "2022-12-23T19:18:01.152Z", "user": 2, "content_type": 14, "object_id": "103", "object_repr": "20221223014153103", "action_flag": 3, "change_message": ""}}, {"model": "admin.logentry", "pk": 248, "fields": {"action_time": "2022-12-23T19:18:01.153Z", "user": 2, "content_type": 14, "object_id": "102", "object_repr": "20221223013832102", "action_flag": 3, "change_message": ""}}, {"model": "admin.logentry", "pk": 249, "fields": {"action_time": "2022-12-23T19:18:01.154Z", "user": 2, "content_type": 14, "object_id": "101", "object_repr": "20221222190828101", "action_flag": 3, "change_message": ""}}, {"model": "admin.logentry", "pk": 250, "fields": {"action_time": "2022-12-23T19:18:01.154Z", "user": 2, "content_type": 14, "object_id": "100", "object_repr": "20221222190753100", "action_flag": 3, "change_message": ""}}, {"model": "admin.logentry", "pk": 251, "fields": {"action_time": "2022-12-23T19:18:01.154Z", "user": 2, "content_type": 14, "object_id": "99", "object_repr": "2022122219073899", "action_flag": 3, "change_message": ""}}, {"model": "admin.logentry", "pk": 252, "fields": {"action_time": "2022-12-23T19:18:01.154Z", "user": 2, "content_type": 14, "object_id": "98", "object_repr": "2022122219070398", "action_flag": 3, "change_message": ""}}, {"model": "admin.logentry", "pk": 253, "fields": {"action_time": "2022-12-23T19:18:01.155Z", "user": 2, "content_type": 14, "object_id": "97", "object_repr": "2022122219022297", "action_flag": 3, "change_message": ""}}, {"model": "admin.logentry", "pk": 254, "fields": {"action_time": "2022-12-23T19:18:01.155Z", "user": 2, "content_type": 14, "object_id": "96", "object_repr": "2022122216364596", "action_flag": 3, "change_message": ""}}, {"model": "admin.logentry", "pk": 255, "fields": {"action_time": "2022-12-23T19:18:01.156Z", "user": 2, "content_type": 14, "object_id": "95", "object_repr": "2022122216354595", "action_flag": 3, "change_message": ""}}, {"model": "admin.logentry", "pk": 256, "fields": {"action_time": "2022-12-23T19:18:01.156Z", "user": 2, "content_type": 14, "object_id": "94", "object_repr": "2022122114163294", "action_flag": 3, "change_message": ""}}, {"model": "admin.logentry", "pk": 257, "fields": {"action_time": "2022-12-23T19:18:01.156Z", "user": 2, "content_type": 14, "object_id": "93", "object_repr": "2022122114073893", "action_flag": 3, "change_message": ""}}, {"model": "admin.logentry", "pk": 258, "fields": {"action_time": "2022-12-23T19:18:01.157Z", "user": 2, "content_type": 14, "object_id": "92", "object_repr": "2022122114065492", "action_flag": 3, "change_message": ""}}, {"model": "admin.logentry", "pk": 259, "fields": {"action_time": "2022-12-24T23:57:58.454Z", "user": 2, "content_type": 14, "object_id": "152", "object_repr": "20221223201818152", "action_flag": 2, "change_message": "[{\"changed\": {\"fields\": [\"Is ordered\"]}}]"}}, {"model": "admin.logentry", "pk": 260, "fields": {"action_time": "2022-12-24T23:58:36.436Z", "user": 2, "content_type": 14, "object_id": "152", "object_repr": "20221223201818152", "action_flag": 2, "change_message": "[{\"changed\": {\"fields\": [\"Is ordered\"]}}]"}}, {"model": "admin.logentry", "pk": 261, "fields": {"action_time": "2022-12-26T19:56:14.226Z", "user": 2, "content_type": 14, "object_id": "171", "object_repr": "20221225184616171", "action_flag": 3, "change_message": ""}}, {"model": "admin.logentry", "pk": 262, "fields": {"action_time": "2022-12-26T19:56:14.234Z", "user": 2, "content_type": 14, "object_id": "170", "object_repr": "20221225184029170", "action_flag": 3, "change_message": ""}}, {"model": "admin.logentry", "pk": 263, "fields": {"action_time": "2022-12-26T19:56:14.235Z", "user": 2, "content_type": 14, "object_id": "169", "object_repr": "20221224234527169", "action_flag": 3, "change_message": ""}}, {"model": "admin.logentry", "pk": 264, "fields": {"action_time": "2022-12-26T19:56:14.235Z", "user": 2, "content_type": 14, "object_id": "168", "object_repr": "20221224011502168", "action_flag": 3, "change_message": ""}}, {"model": "admin.logentry", "pk": 265, "fields": {"action_time": "2022-12-26T19:56:14.235Z", "user": 2, "content_type": 14, "object_id": "167", "object_repr": "20221224011330167", "action_flag": 3, "change_message": ""}}, {"model": "admin.logentry", "pk": 266, "fields": {"action_time": "2022-12-26T19:56:14.236Z", "user": 2, "content_type": 14, "object_id": "166", "object_repr": "20221224011048166", "action_flag": 3, "change_message": ""}}, {"model": "admin.logentry", "pk": 267, "fields": {"action_time": "2022-12-26T19:56:14.237Z", "user": 2, "content_type": 14, "object_id": "165", "object_repr": "20221224010929165", "action_flag": 3, "change_message": ""}}, {"model": "admin.logentry", "pk": 268, "fields": {"action_time": "2022-12-26T19:56:14.238Z", "user": 2, "content_type": 14, "object_id": "164", "object_repr": "20221224010513164", "action_flag": 3, "change_message": ""}}, {"model": "admin.logentry", "pk": 269, "fields": {"action_time": "2022-12-26T19:56:14.239Z", "user": 2, "content_type": 14, "object_id": "163", "object_repr": "20221224010410163", "action_flag": 3, "change_message": ""}}, {"model": "admin.logentry", "pk": 270, "fields": {"action_time": "2022-12-26T19:56:14.239Z", "user": 2, "content_type": 14, "object_id": "162", "object_repr": "20221224010337162", "action_flag": 3, "change_message": ""}}, {"model": "admin.logentry", "pk": 271, "fields": {"action_time": "2022-12-26T19:56:14.240Z", "user": 2, "content_type": 14, "object_id": "161", "object_repr": "20221224010300161", "action_flag": 3, "change_message": ""}}, {"model": "admin.logentry", "pk": 272, "fields": {"action_time": "2022-12-26T19:56:14.240Z", "user": 2, "content_type": 14, "object_id": "160", "object_repr": "20221224010148160", "action_flag": 3, "change_message": ""}}, {"model": "admin.logentry", "pk": 273, "fields": {"action_time": "2022-12-26T19:56:14.241Z", "user": 2, "content_type": 14, "object_id": "159", "object_repr": "20221224004959159", "action_flag": 3, "change_message": ""}}, {"model": "admin.logentry", "pk": 274, "fields": {"action_time": "2022-12-26T19:56:14.242Z", "user": 2, "content_type": 14, "object_id": "158", "object_repr": "20221223202747158", "action_flag": 3, "change_message": ""}}, {"model": "admin.logentry", "pk": 275, "fields": {"action_time": "2022-12-26T19:56:14.242Z", "user": 2, "content_type": 14, "object_id": "157", "object_repr": "20221223202718157", "action_flag": 3, "change_message": ""}}, {"model": "admin.logentry", "pk": 276, "fields": {"action_time": "2022-12-26T19:56:14.243Z", "user": 2, "content_type": 14, "object_id": "156", "object_repr": "20221223202445156", "action_flag": 3, "change_message": ""}}, {"model": "admin.logentry", "pk": 277, "fields": {"action_time": "2022-12-26T19:56:14.244Z", "user": 2, "content_type": 14, "object_id": "155", "object_repr": "20221223202428155", "action_flag": 3, "change_message": ""}}, {"model": "admin.logentry", "pk": 278, "fields": {"action_time": "2022-12-26T19:56:14.244Z", "user": 2, "content_type": 14, "object_id": "154", "object_repr": "20221223202239154", "action_flag": 3, "change_message": ""}}, {"model": "admin.logentry", "pk": 279, "fields": {"action_time": "2022-12-26T19:56:14.245Z", "user": 2, "content_type": 14, "object_id": "153", "object_repr": "20221223202115153", "action_flag": 3, "change_message": ""}}, {"model": "admin.logentry", "pk": 280, "fields": {"action_time": "2022-12-26T19:56:14.246Z", "user": 2, "content_type": 14, "object_id": "152", "object_repr": "20221223201818152", "action_flag": 3, "change_message": ""}}, {"model": "admin.logentry", "pk": 281, "fields": {"action_time": "2022-12-26T20:00:28.182Z", "user": 2, "content_type": 14, "object_id": "176", "object_repr": "453534534512347", "action_flag": 1, "change_message": "[{\"added\": {}}]"}}, {"model": "admin.logentry", "pk": 282, "fields": {"action_time": "2022-12-26T20:02:42.069Z", "user": 2, "content_type": 14, "object_id": "177", "object_repr": "231544634123978", "action_flag": 1, "change_message": "[{\"added\": {}}]"}}, {"model": "admin.logentry", "pk": 283, "fields": {"action_time": "2022-12-26T20:05:45.782Z", "user": 2, "content_type": 14, "object_id": "178", "object_repr": "42342332324234314", "action_flag": 1, "change_message": "[{\"added\": {}}]"}}, {"model": "admin.logentry", "pk": 284, "fields": {"action_time": "2022-12-26T20:05:56.540Z", "user": 2, "content_type": 14, "object_id": "177", "object_repr": "231544634123978", "action_flag": 2, "change_message": "[{\"changed\": {\"fields\": [\"User\"]}}]"}}, {"model": "admin.logentry", "pk": 285, "fields": {"action_time": "2022-12-26T20:06:13.006Z", "user": 2, "content_type": 14, "object_id": "177", "object_repr": "231544634123978", "action_flag": 2, "change_message": "[{\"changed\": {\"fields\": [\"Email\"]}}]"}}, {"model": "admin.logentry", "pk": 286, "fields": {"action_time": "2022-12-26T20:49:41.125Z", "user": 2, "content_type": 14, "object_id": "180", "object_repr": "20221226213218180", "action_flag": 3, "change_message": ""}}, {"model": "admin.logentry", "pk": 287, "fields": {"action_time": "2022-12-26T20:49:41.129Z", "user": 2, "content_type": 14, "object_id": "179", "object_repr": "20221226212432179", "action_flag": 3, "change_message": ""}}, {"model": "admin.logentry", "pk": 288, "fields": {"action_time": "2022-12-26T20:49:41.130Z", "user": 2, "content_type": 14, "object_id": "178", "object_repr": "42342332324234314", "action_flag": 3, "change_message": ""}}, {"model": "admin.logentry", "pk": 289, "fields": {"action_time": "2022-12-26T20:49:41.131Z", "user": 2, "content_type": 14, "object_id": "177", "object_repr": "231544634123978", "action_flag": 3, "change_message": ""}}, {"model": "admin.logentry", "pk": 290, "fields": {"action_time": "2022-12-26T20:49:41.132Z", "user": 2, "content_type": 14, "object_id": "176", "object_repr": "453534534512347", "action_flag": 3, "change_message": ""}}, {"model": "admin.logentry", "pk": 291, "fields": {"action_time": "2022-12-26T20:50:10.499Z", "user": 2, "content_type": 14, "object_id": "181", "object_repr": "42342332324234314", "action_flag": 1, "change_message": "[{\"added\": {}}]"}}, {"model": "admin.logentry", "pk": 292, "fields": {"action_time": "2022-12-26T20:50:26.835Z", "user": 2, "content_type": 14, "object_id": "181", "object_repr": "42342332324234314", "action_flag": 2, "change_message": "[{\"changed\": {\"fields\": [\"Vendors\", \"Is ordered\"]}}]"}}, {"model": "admin.logentry", "pk": 293, "fields": {"action_time": "2022-12-26T20:57:11.667Z", "user": 2, "content_type": 14, "object_id": "181", "object_repr": "42342332324234314", "action_flag": 2, "change_message": "[]"}}, {"model": "admin.logentry", "pk": 294, "fields": {"action_time": "2022-12-26T21:05:35.603Z", "user": 2, "content_type": 14, "object_id": "181", "object_repr": "42342332324234314", "action_flag": 2, "change_message": "[]"}}, {"model": "admin.logentry", "pk": 295, "fields": {"action_time": "2022-12-26T21:10:31.092Z", "user": 2, "content_type": 14, "object_id": "181", "object_repr": "42342332324234314", "action_flag": 2, "change_message": "[{\"changed\": {\"fields\": [\"Vendors\"]}}]"}}, {"model": "admin.logentry", "pk": 296, "fields": {"action_time": "2022-12-26T21:11:08.136Z", "user": 2, "content_type": 14, "object_id": "182", "object_repr": "231544634123978", "action_flag": 1, "change_message": "[{\"added\": {}}]"}}, {"model": "admin.logentry", "pk": 297, "fields": {"action_time": "2022-12-26T21:11:11.402Z", "user": 2, "content_type": 14, "object_id": "183", "object_repr": "231544634123978", "action_flag": 1, "change_message": "[{\"added\": {}}]"}}, {"model": "admin.logentry", "pk": 298, "fields": {"action_time": "2022-12-26T21:11:18.254Z", "user": 2, "content_type": 14, "object_id": "182", "object_repr": "231544634123978", "action_flag": 3, "change_message": ""}}, {"model": "admin.logentry", "pk": 299, "fields": {"action_time": "2022-12-26T21:11:24.483Z", "user": 2, "content_type": 14, "object_id": "183", "object_repr": "231544634123978", "action_flag": 2, "change_message": "[{\"changed\": {\"fields\": [\"Vendors\"]}}]"}}, {"model": "admin.logentry", "pk": 300, "fields": {"action_time": "2022-12-27T00:24:28.096Z", "user": 2, "content_type": 14, "object_id": "190", "object_repr": "20221227011840190", "action_flag": 2, "change_message": "[{\"changed\": {\"fields\": [\"Is ordered\"]}}]"}}, {"model": "admin.logentry", "pk": 301, "fields": {"action_time": "2022-12-27T00:24:32.207Z", "user": 2, "content_type": 14, "object_id": "189", "object_repr": "20221227005616189", "action_flag": 2, "change_message": "[{\"changed\": {\"fields\": [\"Is ordered\"]}}]"}}, {"model": "admin.logentry", "pk": 302, "fields": {"action_time": "2022-12-27T00:24:36.587Z", "user": 2, "content_type": 14, "object_id": "188", "object_repr": "20221227005600188", "action_flag": 2, "change_message": "[{\"changed\": {\"fields\": [\"Is ordered\"]}}]"}}, {"model": "admin.logentry", "pk": 303, "fields": {"action_time": "2022-12-27T00:24:48.319Z", "user": 2, "content_type": 14, "object_id": "190", "object_repr": "20221227011840190", "action_flag": 3, "change_message": ""}}, {"model": "admin.logentry", "pk": 304, "fields": {"action_time": "2022-12-27T00:24:48.327Z", "user": 2, "content_type": 14, "object_id": "189", "object_repr": "20221227005616189", "action_flag": 3, "change_message": ""}}, {"model": "admin.logentry", "pk": 305, "fields": {"action_time": "2022-12-27T00:24:48.328Z", "user": 2, "content_type": 14, "object_id": "188", "object_repr": "20221227005600188", "action_flag": 3, "change_message": ""}}, {"model": "admin.logentry", "pk": 306, "fields": {"action_time": "2022-12-27T00:24:48.329Z", "user": 2, "content_type": 14, "object_id": "187", "object_repr": "20221227005439187", "action_flag": 3, "change_message": ""}}, {"model": "admin.logentry", "pk": 307, "fields": {"action_time": "2022-12-27T00:24:48.330Z", "user": 2, "content_type": 14, "object_id": "186", "object_repr": "20221226235037186", "action_flag": 3, "change_message": ""}}, {"model": "admin.logentry", "pk": 308, "fields": {"action_time": "2022-12-27T00:24:48.330Z", "user": 2, "content_type": 14, "object_id": "185", "object_repr": "20221226234704185", "action_flag": 3, "change_message": ""}}, {"model": "admin.logentry", "pk": 309, "fields": {"action_time": "2022-12-27T00:24:48.331Z", "user": 2, "content_type": 14, "object_id": "184", "object_repr": "20221226232657184", "action_flag": 3, "change_message": ""}}, {"model": "admin.logentry", "pk": 310, "fields": {"action_time": "2022-12-27T00:24:48.331Z", "user": 2, "content_type": 14, "object_id": "183", "object_repr": "231544634123978", "action_flag": 3, "change_message": ""}}, {"model": "admin.logentry", "pk": 311, "fields": {"action_time": "2022-12-27T00:24:48.332Z", "user": 2, "content_type": 14, "object_id": "181", "object_repr": "42342332324234314", "action_flag": 3, "change_message": ""}}, {"model": "admin.logentry", "pk": 312, "fields": {"action_time": "2022-12-28T12:23:24.835Z", "user": 2, "content_type": 14, "object_id": "218", "object_repr": "20221227151644218", "action_flag": 3, "change_message": ""}}, {"model": "admin.logentry", "pk": 313, "fields": {"action_time": "2022-12-28T12:23:24.846Z", "user": 2, "content_type": 14, "object_id": "217", "object_repr": "20221227151527217", "action_flag": 3, "change_message": ""}}, {"model": "admin.logentry", "pk": 314, "fields": {"action_time": "2022-12-28T12:23:24.846Z", "user": 2, "content_type": 14, "object_id": "216", "object_repr": "20221227151453216", "action_flag": 3, "change_message": ""}}, {"model": "admin.logentry", "pk": 315, "fields": {"action_time": "2022-12-28T12:23:24.847Z", "user": 2, "content_type": 14, "object_id": "215", "object_repr": "20221227151416215", "action_flag": 3, "change_message": ""}}, {"model": "admin.logentry", "pk": 316, "fields": {"action_time": "2022-12-28T12:23:24.848Z", "user": 2, "content_type": 14, "object_id": "214", "object_repr": "20221227151311214", "action_flag": 3, "change_message": ""}}, {"model": "admin.logentry", "pk": 317, "fields": {"action_time": "2022-12-28T12:23:24.849Z", "user": 2, "content_type": 14, "object_id": "213", "object_repr": "20221227150926213", "action_flag": 3, "change_message": ""}}, {"model": "admin.logentry", "pk": 318, "fields": {"action_time": "2022-12-28T12:23:24.849Z", "user": 2, "content_type": 14, "object_id": "212", "object_repr": "20221227150908212", "action_flag": 3, "change_message": ""}}, {"model": "admin.logentry", "pk": 319, "fields": {"action_time": "2022-12-28T12:23:24.850Z", "user": 2, "content_type": 14, "object_id": "211", "object_repr": "20221227150838211", "action_flag": 3, "change_message": ""}}, {"model": "admin.logentry", "pk": 320, "fields": {"action_time": "2022-12-28T12:23:24.851Z", "user": 2, "content_type": 14, "object_id": "210", "object_repr": "20221227150829210", "action_flag": 3, "change_message": ""}}, {"model": "admin.logentry", "pk": 321, "fields": {"action_time": "2022-12-28T12:23:24.851Z", "user": 2, "content_type": 14, "object_id": "209", "object_repr": "20221227150431209", "action_flag": 3, "change_message": ""}}, {"model": "admin.logentry", "pk": 322, "fields": {"action_time": "2022-12-28T12:23:24.852Z", "user": 2, "content_type": 14, "object_id": "208", "object_repr": "20221227150425208", "action_flag": 3, "change_message": ""}}, {"model": "admin.logentry", "pk": 323, "fields": {"action_time": "2022-12-28T12:23:24.853Z", "user": 2, "content_type": 14, "object_id": "207", "object_repr": "20221227150334207", "action_flag": 3, "change_message": ""}}, {"model": "admin.logentry", "pk": 324, "fields": {"action_time": "2022-12-28T12:23:24.853Z", "user": 2, "content_type": 14, "object_id": "206", "object_repr": "20221227150329206", "action_flag": 3, "change_message": ""}}, {"model": "admin.logentry", "pk": 325, "fields": {"action_time": "2022-12-28T12:23:24.854Z", "user": 2, "content_type": 14, "object_id": "205", "object_repr": "20221227145958205", "action_flag": 3, "change_message": ""}}, {"model": "admin.logentry", "pk": 326, "fields": {"action_time": "2022-12-28T12:23:24.854Z", "user": 2, "content_type": 14, "object_id": "204", "object_repr": "20221227145619204", "action_flag": 3, "change_message": ""}}, {"model": "admin.logentry", "pk": 327, "fields": {"action_time": "2022-12-28T12:23:24.855Z", "user": 2, "content_type": 14, "object_id": "203", "object_repr": "20221227145602203", "action_flag": 3, "change_message": ""}}, {"model": "admin.logentry", "pk": 328, "fields": {"action_time": "2022-12-28T12:23:24.856Z", "user": 2, "content_type": 14, "object_id": "202", "object_repr": "20221227145458202", "action_flag": 3, "change_message": ""}}, {"model": "admin.logentry", "pk": 329, "fields": {"action_time": "2022-12-28T12:23:24.856Z", "user": 2, "content_type": 14, "object_id": "201", "object_repr": "20221227145300201", "action_flag": 3, "change_message": ""}}, {"model": "admin.logentry", "pk": 330, "fields": {"action_time": "2022-12-28T12:23:24.857Z", "user": 2, "content_type": 14, "object_id": "200", "object_repr": "20221227145157200", "action_flag": 3, "change_message": ""}}, {"model": "admin.logentry", "pk": 331, "fields": {"action_time": "2022-12-28T12:23:24.857Z", "user": 2, "content_type": 14, "object_id": "199", "object_repr": "20221227145101199", "action_flag": 3, "change_message": ""}}, {"model": "admin.logentry", "pk": 332, "fields": {"action_time": "2022-12-28T12:23:24.858Z", "user": 2, "content_type": 14, "object_id": "198", "object_repr": "20221227144948198", "action_flag": 3, "change_message": ""}}, {"model": "admin.logentry", "pk": 333, "fields": {"action_time": "2022-12-28T12:23:24.859Z", "user": 2, "content_type": 14, "object_id": "197", "object_repr": "20221227141104197", "action_flag": 3, "change_message": ""}}, {"model": "admin.logentry", "pk": 334, "fields": {"action_time": "2022-12-28T12:23:24.859Z", "user": 2, "content_type": 14, "object_id": "196", "object_repr": "20221227140949196", "action_flag": 3, "change_message": ""}}, {"model": "admin.logentry", "pk": 335, "fields": {"action_time": "2022-12-28T12:23:24.860Z", "user": 2, "content_type": 14, "object_id": "195", "object_repr": "20221227135022195", "action_flag": 3, "change_message": ""}}, {"model": "admin.logentry", "pk": 336, "fields": {"action_time": "2022-12-28T12:23:24.860Z", "user": 2, "content_type": 14, "object_id": "194", "object_repr": "20221227132536194", "action_flag": 3, "change_message": ""}}, {"model": "admin.logentry", "pk": 337, "fields": {"action_time": "2022-12-28T12:23:24.861Z", "user": 2, "content_type": 14, "object_id": "193", "object_repr": "20221227132521193", "action_flag": 3, "change_message": ""}}, {"model": "admin.logentry", "pk": 338, "fields": {"action_time": "2022-12-28T12:23:24.862Z", "user": 2, "content_type": 14, "object_id": "192", "object_repr": "20221227013955192", "action_flag": 3, "change_message": ""}}, {"model": "admin.logentry", "pk": 339, "fields": {"action_time": "2022-12-28T12:23:24.862Z", "user": 2, "content_type": 14, "object_id": "191", "object_repr": "20221227013115191", "action_flag": 3, "change_message": ""}}, {"model": "admin.logentry", "pk": 340, "fields": {"action_time": "2022-12-28T12:37:03.211Z", "user": 2, "content_type": 14, "object_id": "221", "object_repr": "20221227152020221", "action_flag": 3, "change_message": ""}}, {"model": "admin.logentry", "pk": 341, "fields": {"action_time": "2022-12-28T12:37:03.213Z", "user": 2, "content_type": 14, "object_id": "220", "object_repr": "20221227152001220", "action_flag": 3, "change_message": ""}}, {"model": "admin.logentry", "pk": 342, "fields": {"action_time": "2022-12-28T12:37:03.214Z", "user": 2, "content_type": 14, "object_id": "219", "object_repr": "20221227151732219", "action_flag": 3, "change_message": ""}}, {"model": "admin.logentry", "pk": 343, "fields": {"action_time": "2022-12-28T22:20:13.320Z", "user": 2, "content_type": 14, "object_id": "222", "object_repr": "20221227152914222", "action_flag": 3, "change_message": ""}}, {"model": "admin.logentry", "pk": 344, "fields": {"action_time": "2022-12-29T14:20:05.217Z", "user": 2, "content_type": 6, "object_id": "19", "object_repr": "sebastian.wieczorek505@gmail.com", "action_flag": 3, "change_message": ""}}, {"model": "admin.logentry", "pk": 345, "fields": {"action_time": "2022-12-29T14:22:53.834Z", "user": 2, "content_type": 6, "object_id": "25", "object_repr": "sebastian.wieczorek505@gmail.com", "action_flag": 3, "change_message": ""}}, {"model": "admin.logentry", "pk": 346, "fields": {"action_time": "2023-01-02T11:45:27.442Z", "user": 2, "content_type": 6, "object_id": "26", "object_repr": "sebastian.wieczorek505@gmail.com", "action_flag": 3, "change_message": ""}}, {"model": "auth.permission", "pk": 1, "fields": {"name": "Can add log entry", "content_type": 1, "codename": "add_logentry"}}, {"model": "auth.permission", "pk": 2, "fields": {"name": "Can change log entry", "content_type": 1, "codename": "change_logentry"}}, {"model": "auth.permission", "pk": 3, "fields": {"name": "Can delete log entry", "content_type": 1, "codename": "delete_logentry"}}, {"model": "auth.permission", "pk": 4, "fields": {"name": "Can view log entry", "content_type": 1, "codename": "view_logentry"}}, {"model": "auth.permission", "pk": 5, "fields": {"name": "Can add permission", "content_type": 2, "codename": "add_permission"}}, {"model": "auth.permission", "pk": 6, "fields": {"name": "Can change permission", "content_type": 2, "codename": "change_permission"}}, {"model": "auth.permission", "pk": 7, "fields": {"name": "Can delete permission", "content_type": 2, "codename": "delete_permission"}}, {"model": "auth.permission", "pk": 8, "fields": {"name": "Can view permission", "content_type": 2, "codename": "view_permission"}}, {"model": "auth.permission", "pk": 9, "fields": {"name": "Can add group", "content_type": 3, "codename": "add_group"}}, {"model": "auth.permission", "pk": 10, "fields": {"name": "Can change group", "content_type": 3, "codename": "change_group"}}, {"model": "auth.permission", "pk": 11, "fields": {"name": "Can delete group", "content_type": 3, "codename": "delete_group"}}, {"model": "auth.permission", "pk": 12, "fields": {"name": "Can view group", "content_type": 3, "codename": "view_group"}}, {"model": "auth.permission", "pk": 13, "fields": {"name": "Can add content type", "content_type": 4, "codename": "add_contenttype"}}, {"model": "auth.permission", "pk": 14, "fields": {"name": "Can change content type", "content_type": 4, "codename": "change_contenttype"}}, {"model": "auth.permission", "pk": 15, "fields": {"name": "Can delete content type", "content_type": 4, "codename": "delete_contenttype"}}, {"model": "auth.permission", "pk": 16, "fields": {"name": "Can view content type", "content_type": 4, "codename": "view_contenttype"}}, {"model": "auth.permission", "pk": 17, "fields": {"name": "Can add session", "content_type": 5, "codename": "add_session"}}, {"model": "auth.permission", "pk": 18, "fields": {"name": "Can change session", "content_type": 5, "codename": "change_session"}}, {"model": "auth.permission", "pk": 19, "fields": {"name": "Can delete session", "content_type": 5, "codename": "delete_session"}}, {"model": "auth.permission", "pk": 20, "fields": {"name": "Can view session", "content_type": 5, "codename": "view_session"}}, {"model": "auth.permission", "pk": 21, "fields": {"name": "Can add user", "content_type": 6, "codename": "add_user"}}, {"model": "auth.permission", "pk": 22, "fields": {"name": "Can change user", "content_type": 6, "codename": "change_user"}}, {"model": "auth.permission", "pk": 23, "fields": {"name": "Can delete user", "content_type": 6, "codename": "delete_user"}}, {"model": "auth.permission", "pk": 24, "fields": {"name": "Can view user", "content_type": 6, "codename": "view_user"}}, {"model": "auth.permission", "pk": 25, "fields": {"name": "Can add user profile", "content_type": 7, "codename": "add_userprofile"}}, {"model": "auth.permission", "pk": 26, "fields": {"name": "Can change user profile", "content_type": 7, "codename": "change_userprofile"}}, {"model": "auth.permission", "pk": 27, "fields": {"name": "Can delete user profile", "content_type": 7, "codename": "delete_userprofile"}}, {"model": "auth.permission", "pk": 28, "fields": {"name": "Can view user profile", "content_type": 7, "codename": "view_userprofile"}}, {"model": "auth.permission", "pk": 29, "fields": {"name": "Can add vendor", "content_type": 8, "codename": "add_vendor"}}, {"model": "auth.permission", "pk": 30, "fields": {"name": "Can change vendor", "content_type": 8, "codename": "change_vendor"}}, {"model": "auth.permission", "pk": 31, "fields": {"name": "Can delete vendor", "content_type": 8, "codename": "delete_vendor"}}, {"model": "auth.permission", "pk": 32, "fields": {"name": "Can view vendor", "content_type": 8, "codename": "view_vendor"}}, {"model": "auth.permission", "pk": 33, "fields": {"name": "Can add food item", "content_type": 9, "codename": "add_fooditem"}}, {"model": "auth.permission", "pk": 34, "fields": {"name": "Can change food item", "content_type": 9, "codename": "change_fooditem"}}, {"model": "auth.permission", "pk": 35, "fields": {"name": "Can delete food item", "content_type": 9, "codename": "delete_fooditem"}}, {"model": "auth.permission", "pk": 36, "fields": {"name": "Can view food item", "content_type": 9, "codename": "view_fooditem"}}, {"model": "auth.permission", "pk": 37, "fields": {"name": "Can add category", "content_type": 10, "codename": "add_category"}}, {"model": "auth.permission", "pk": 38, "fields": {"name": "Can change category", "content_type": 10, "codename": "change_category"}}, {"model": "auth.permission", "pk": 39, "fields": {"name": "Can delete category", "content_type": 10, "codename": "delete_category"}}, {"model": "auth.permission", "pk": 40, "fields": {"name": "Can view category", "content_type": 10, "codename": "view_category"}}, {"model": "auth.permission", "pk": 41, "fields": {"name": "Can add cart", "content_type": 11, "codename": "add_cart"}}, {"model": "auth.permission", "pk": 42, "fields": {"name": "Can change cart", "content_type": 11, "codename": "change_cart"}}, {"model": "auth.permission", "pk": 43, "fields": {"name": "Can delete cart", "content_type": 11, "codename": "delete_cart"}}, {"model": "auth.permission", "pk": 44, "fields": {"name": "Can view cart", "content_type": 11, "codename": "view_cart"}}, {"model": "auth.permission", "pk": 45, "fields": {"name": "Can add opening hour", "content_type": 12, "codename": "add_openinghour"}}, {"model": "auth.permission", "pk": 46, "fields": {"name": "Can change opening hour", "content_type": 12, "codename": "change_openinghour"}}, {"model": "auth.permission", "pk": 47, "fields": {"name": "Can delete opening hour", "content_type": 12, "codename": "delete_openinghour"}}, {"model": "auth.permission", "pk": 48, "fields": {"name": "Can view opening hour", "content_type": 12, "codename": "view_openinghour"}}, {"model": "auth.permission", "pk": 49, "fields": {"name": "Can add tax", "content_type": 13, "codename": "add_tax"}}, {"model": "auth.permission", "pk": 50, "fields": {"name": "Can change tax", "content_type": 13, "codename": "change_tax"}}, {"model": "auth.permission", "pk": 51, "fields": {"name": "Can delete tax", "content_type": 13, "codename": "delete_tax"}}, {"model": "auth.permission", "pk": 52, "fields": {"name": "Can view tax", "content_type": 13, "codename": "view_tax"}}, {"model": "auth.permission", "pk": 53, "fields": {"name": "Can add order", "content_type": 14, "codename": "add_order"}}, {"model": "auth.permission", "pk": 54, "fields": {"name": "Can change order", "content_type": 14, "codename": "change_order"}}, {"model": "auth.permission", "pk": 55, "fields": {"name": "Can delete order", "content_type": 14, "codename": "delete_order"}}, {"model": "auth.permission", "pk": 56, "fields": {"name": "Can view order", "content_type": 14, "codename": "view_order"}}, {"model": "auth.permission", "pk": 57, "fields": {"name": "Can add ordered food", "content_type": 15, "codename": "add_orderedfood"}}, {"model": "auth.permission", "pk": 58, "fields": {"name": "Can change ordered food", "content_type": 15, "codename": "change_orderedfood"}}, {"model": "auth.permission", "pk": 59, "fields": {"name": "Can delete ordered food", "content_type": 15, "codename": "delete_orderedfood"}}, {"model": "auth.permission", "pk": 60, "fields": {"name": "Can view ordered food", "content_type": 15, "codename": "view_orderedfood"}}, {"model": "auth.permission", "pk": 61, "fields": {"name": "Can add payment", "content_type": 16, "codename": "add_payment"}}, {"model": "auth.permission", "pk": 62, "fields": {"name": "Can change payment", "content_type": 16, "codename": "change_payment"}}, {"model": "auth.permission", "pk": 63, "fields": {"name": "Can delete payment", "content_type": 16, "codename": "delete_payment"}}, {"model": "auth.permission", "pk": 64, "fields": {"name": "Can view payment", "content_type": 16, "codename": "view_payment"}}, {"model": "contenttypes.contenttype", "pk": 1, "fields": {"app_label": "admin", "model": "logentry"}}, {"model": "contenttypes.contenttype", "pk": 2, "fields": {"app_label": "auth", "model": "permission"}}, {"model": "contenttypes.contenttype", "pk": 3, "fields": {"app_label": "auth", "model": "group"}}, {"model": "contenttypes.contenttype", "pk": 4, "fields": {"app_label": "contenttypes", "model": "contenttype"}}, {"model": "contenttypes.contenttype", "pk": 5, "fields": {"app_label": "sessions", "model": "session"}}, {"model": "contenttypes.contenttype", "pk": 6, "fields": {"app_label": "accounts", "model": "user"}}, {"model": "contenttypes.contenttype", "pk": 7, "fields": {"app_label": "accounts", "model": "userprofile"}}, {"model": "contenttypes.contenttype", "pk": 8, "fields": {"app_label": "vendor", "model": "vendor"}}, {"model": "contenttypes.contenttype", "pk": 9, "fields": {"app_label": "menu", "model": "fooditem"}}, {"model": "contenttypes.contenttype", "pk": 10, "fields": {"app_label": "menu", "model": "category"}}, {"model": "contenttypes.contenttype", "pk": 11, "fields": {"app_label": "marketplace", "model": "cart"}}, {"model": "contenttypes.contenttype", "pk": 12, "fields": {"app_label": "vendor", "model": "openinghour"}}, {"model": "contenttypes.contenttype", "pk": 13, "fields": {"app_label": "marketplace", "model": "tax"}}, {"model": "contenttypes.contenttype", "pk": 14, "fields": {"app_label": "orders", "model": "order"}}, {"model": "contenttypes.contenttype", "pk": 15, "fields": {"app_label": "orders", "model": "orderedfood"}}, {"model": "contenttypes.contenttype", "pk": 16, "fields": {"app_label": "orders", "model": "payment"}}, {"model": "sessions.session", "pk": "0rzfznwyqxwg7qq7nil5cq25uyws1gyk", "fields": {"session_data": ".eJxVjEEOwiAQRe_C2hAYZqq4dN8zkIEhUjWQlHZlvLtt0oVu33v_v1XgdSlh7XkOk6irAnX6ZZHTM9ddyIPrvenU6jJPUe-JPmzXY5P8uh3t30HhXrY1MwJ68o4Egb0IeXDGeMmEiCYSDBuzQOaSzTlFO4AlIieJvRVC9fkCuHM2ow:1p9xJ6:pvradCLXl147GIWX3Bsk8wd4kBYkFSDp32ZXPb1bpYU", "expire_date": "2023-01-09T23:55:00.099Z"}}, {"model": "sessions.session", "pk": "0wcaqd1c0239fsnw009w3e42hi8trbnv", "fields": {"session_data": "e30:1p2Vmg:gyljYHfBYAEON1HtxSckvhEhXBPGh00aKI0Xn7InmWg", "expire_date": "2022-12-20T11:06:46.343Z"}}, {"model": "sessions.session", "pk": "29l80s9lr86zend1323fd60kr9ptkhjh", "fields": {"session_data": "e30:1otXo2:zpTB2YK2woQyytW7UDy8CXn5O_1npTsg3S-BuYQTp5Q", "expire_date": "2022-11-25T17:27:06.358Z"}}, {"model": "sessions.session", "pk": "2pfvt0iy7uhzoch24nozs10cxgoangbs", "fields": {"session_data": ".eJxVjEEOwiAQRe_C2hAYZqq4dN8zkIEhUjWQlHZlvLtt0oVu33v_v1XgdSlh7XkOk6irAnX6ZZHTM9ddyIPrvenU6jJPUe-JPmzXY5P8uh3t30HhXrY1MwJ68o4Egb0IeXDGeMmEiCYSDBuzQOaSzTlFO4AlIieJvRVC9fkCuHM2ow:1p4m2X:pYiUvME4c-NojkRoPxDXawXk_-rF3F8OscQZMisTWiE", "expire_date": "2022-12-26T16:52:29.803Z"}}, {"model": "sessions.session", "pk": "3p3v2xdfa9z6uh4c1veejpxjkdxsva7g", "fields": {"session_data": ".eJxVjEEOwiAQRe_C2hAYZqq4dN8zkIEhUjWQlHZlvLtt0oVu33v_v1XgdSlh7XkOk6irAnX6ZZHTM9ddyIPrvenU6jJPUe-JPmzXY5P8uh3t30HhXrY1MwJ68o4Egb0IeXDGeMmEiCYSDBuzQOaSzTlFO4AlIieJvRVC9fkCuHM2ow:1p9EOW:k8OT_XRFWe0VxdEpcxUrwO35F9_Qx27OLooosjlXMUc", "expire_date": "2023-01-07T23:57:36.230Z"}}, {"model": "sessions.session", "pk": "3ysn85gtsa3o3wd9sf332ql72klkmw7y", "fields": {"session_data": ".eJxVjDsOwjAQBe_iGln-fyjpcwbL3t3gAHKkOKkQdyeRUkA7M--9WcrbWtPWaUkTsiuTkV1-YcnwpHYYfOR2nznMbV2mwo-En7bzYUZ63c7276DmXve1UVqORgOIoOxoMSqhHYDXxRfnfVBkbECJUhosZCIqmfWOoqBI5Cz7fAHpxDdT:1p4quv:hZ1zmy2y73OrHUFRxpuVZYiPZoTpjRC2DY7QNAyoGpo", "expire_date": "2022-12-26T22:04:57.367Z"}}, {"model": "sessions.session", "pk": "40xe3x6efnko3v561k1wqglhwzononpk", "fields": {"session_data": "e30:1p2VnX:JpF5fAeNaF1kZllcF7sRb6G5sA9lddZdJkZAnRAeZ_g", "expire_date": "2022-12-20T11:07:39.836Z"}}, {"model": "sessions.session", "pk": "47j8weya175tuu1y5p9z0q9vgd5206tu", "fields": {"session_data": ".eJxVjEEOwiAQRe_C2hAYZqq4dN8zkIEhUjWQlHZlvLtt0oVu33v_v1XgdSlh7XkOk6irAnX6ZZHTM9ddyIPrvenU6jJPUe-JPmzXY5P8uh3t30HhXrY1MwJ68o4Egb0IeXDGeMmEiCYSDBuzQOaSzTlFO4AlIieJvRVC9fkCuHM2ow:1pAAon:6mP5M0BOYPWJmcbCHv-2oYOe0WqjeHHPWGWUywW9yHQ", "expire_date": "2023-01-10T14:20:37.923Z"}}, {"model": "sessions.session", "pk": "c4p6gxs9vappvdp0sppufw3ygi9g1hk4", "fields": {"session_data": ".eJxVjEEOwiAQRe_C2hAYZqq4dN8zkIEhUjWQlHZlvLtt0oVu33v_v1XgdSlh7XkOk6irAnX6ZZHTM9ddyIPrvenU6jJPUe-JPmzXY5P8uh3t30HhXrY1MwJ68o4Egb0IeXDGeMmEiCYSDBuzQOaSzTlFO4AlIieJvRVC9fkCuHM2ow:1pAaBw:qiZ1B7KpYbv1Tzs8qaxZb2s2cK940kcsuK_rJqxhZh4", "expire_date": "2023-01-11T17:26:12.338Z"}}, {"model": "sessions.session", "pk": "cjoymghchqgggyzrncapkcs188cx65r5", "fields": {"session_data": ".eJxVjEEOwiAQRe_C2hAYZqq4dN8zkIEhUjWQlHZlvLtt0oVu33v_v1XgdSlh7XkOk6irAnX6ZZHTM9ddyIPrvenU6jJPUe-JPmzXY5P8uh3t30HhXrY1MwJ68o4Egb0IeXDGeMmEiCYSDBuzQOaSzTlFO4AlIieJvRVC9fkCuHM2ow:1pCIvs:nM6Eq2jJ8IsVcf0HC51Bn8tRZ46GSzywJC_uBJsn1oY", "expire_date": "2023-01-16T11:24:44.756Z"}}, {"model": "sessions.session", "pk": "d48gyvekqeeu40ajc34fh670jeiftv1u", "fields": {"session_data": "e30:1p2WiG:3ilSbaB4P9nH8ftbhS4VSEFYOE5uh7DpZnOVHWP4CCk", "expire_date": "2022-12-20T12:06:16.437Z"}}, {"model": "sessions.session", "pk": "dgf4l3ay2ibwyf1rjzrsxhsfvyv0b2tc", "fields": {"session_data": "e30:1p2Wgn:2hCCXG-U9GFoZAqjJDtUcfhhfwQexgxnH5r23GFzoUY", "expire_date": "2022-12-20T12:04:45.204Z"}}, {"model": "sessions.session", "pk": "dt7awhhq7o5j18e4pyuvtv98gs6rsfhu", "fields": {"session_data": ".eJxVjDsOwjAQBe_iGln-fyjpcwbL3t3gAHKkOKkQdyeRUkA7M--9WcrbWtPWaUkTsiuTkV1-YcnwpHYYfOR2nznMbV2mwo-En7bzYUZ63c7276DmXve1UVqORgOIoOxoMSqhHYDXxRfnfVBkbECJUhosZCIqmfWOoqBI5Cz7fAHpxDdT:1oyAog:_8RIh3t75wWToL0su8QvnX4BZnmanOPh83hIOeBvEvU", "expire_date": "2022-12-08T11:54:54.293Z"}}, {"model": "sessions.session", "pk": "f68e6lis3tus4k4rdlro56506h997iy6", "fields": {"session_data": "e30:1p2VmI:TUZfDrVu9qiz6YtjsIRY8jJI6bUI3iRIgppkaYLC60k", "expire_date": "2022-12-20T11:06:22.785Z"}}, {"model": "sessions.session", "pk": "grb5o92ww24xduluoe49un98a9z2nsbh", "fields": {"session_data": ".eJxVjEEOwiAQRe_C2hAYZqq4dN8zkIEhUjWQlHZlvLtt0oVu33v_v1XgdSlh7XkOk6irAnX6ZZHTM9ddyIPrvenU6jJPUe-JPmzXY5P8uh3t30HhXrY1MwJ68o4Egb0IeXDGeMmEiCYSDBuzQOaSzTlFO4AlIieJvRVC9fkCuHM2ow:1pAAJE:MtllkhX-m3Tmb1vxE1umSwriLi3kZxTSv97qf6EJxMc", "expire_date": "2023-01-10T13:48:00.404Z"}}, {"model": "sessions.session", "pk": "ha729kchs91yzbutf2ioq7od7ufx0kh8", "fields": {"session_data": ".eJxVjEEOwiAQRe_C2hAYZqq4dN8zkIEhUjWQlHZlvLtt0oVu33v_v1XgdSlh7XkOk6irAnX6ZZHTM9ddyIPrvenU6jJPUe-JPmzXY5P8uh3t30HhXrY1MwJ68o4Egb0IeXDGeMmEiCYSDBuzQOaSzTlFO4AlIieJvRVC9fkCuHM2ow:1p4gFo:3ltjUg1f-AcazXEA9kDjenfJgArVCWunZc-z55za9D8", "expire_date": "2022-12-26T10:41:48.357Z"}}, {"model": "sessions.session", "pk": "hu9zxpftroxt5zo7tz3gy9gw2hs3rfpn", "fields": {"session_data": ".eJxVjEEOwiAQRe_C2pABRygu3XuGZmAGqRpISrsy3l2bdKHb_977LzXSupRx7TKPE6uzMoM6_I6R0kPqRvhO9dZ0anWZp6g3Re-062tjeV529--gUC_fmpgHNI4EwefgHVsHznpB5ExigDBHc4ScwTuUEDIACqaTxBCtZ6_eHw8ROD0:1p9wB7:RD-YULJTLOP1vpu3wx2r2Vdq1U8xjLY96IrJ2LaHgNk", "expire_date": "2023-01-09T22:42:41.887Z"}}, {"model": "sessions.session", "pk": "ibu62zar23llpbuds2x2ux3vnd4mo09g", "fields": {"session_data": ".eJxVjEEOwiAQRe_C2hAYZqq4dN8zkIEhUjWQlHZlvLtt0oVu33v_v1XgdSlh7XkOk6irAnX6ZZHTM9ddyIPrvenU6jJPUe-JPmzXY5P8uh3t30HhXrY1MwJ68o4Egb0IeXDGeMmEiCYSDBuzQOaSzTlFO4AlIieJvRVC9fkCuHM2ow:1pAtl8:8IwVRK4GhfhMZRJNTrHcxDnnpHO-04n3YT23yuk59v4", "expire_date": "2023-01-12T14:19:50.125Z"}}, {"model": "sessions.session", "pk": "ir68o9wmz7ws37zcy5s1d7tbhem40wyd", "fields": {"session_data": ".eJxVjEEOwiAQRe_C2hAYZqq4dN8zkIEhUjWQlHZlvLtt0oVu33v_v1XgdSlh7XkOk6irAnX6ZZHTM9ddyIPrvenU6jJPUe-JPmzXY5P8uh3t30HhXrY1MwJ68o4Egb0IeXDGeMmEiCYSDBuzQOaSzTlFO4AlIieJvRVC9fkCuHM2ow:1pAVSB:PemGKvsYPxIbYGRpUWUX0GLkoH-ZdO0hGvrv6HlBCUE", "expire_date": "2023-01-11T12:22:39.844Z"}}, {"model": "sessions.session", "pk": "jsyqit8gcqykmgzirfsps0g1ektjlxg2", "fields": {"session_data": ".eJxVjEEOwiAQRe_C2hAYZqq4dN8zkIEhUjWQlHZlvLtt0oVu33v_v1XgdSlh7XkOk6irAnX6ZZHTM9ddyIPrvenU6jJPUe-JPmzXY5P8uh3t30HhXrY1MwJ68o4Egb0IeXDGeMmEiCYSDBuzQOaSzTlFO4AlIieJvRVC9fkCuHM2ow:1p7jCx:6eNgPxldINgg6yP6mBwLevyjJGaLqZ29SgUQdf1uxsY", "expire_date": "2023-01-03T20:27:27.424Z"}}, {"model": "sessions.session", "pk": "n857f6jh9yzdry751o21x26c8af3awls", "fields": {"session_data": ".eJxVjEEOwiAQRe_C2pABRygu3XuGZmAGqRpISrsy3l2bdKHb_977LzXSupRx7TKPE6uzMoM6_I6R0kPqRvhO9dZ0anWZp6g3Re-062tjeV529--gUC_fmpgHNI4EwefgHVsHznpB5ExigDBHc4ScwTuUEDIACqaTxBCtZ6_eHw8ROD0:1pCLk5:ovSuzWWImxStUGc9falyZip0tiFTqUg6WPWObO4lxDU", "expire_date": "2023-01-16T14:24:45.311Z"}}, {"model": "sessions.session", "pk": "nqamoxxehv3b4e1xn0fy8j4n5369s861", "fields": {"session_data": ".eJxVjEEOwiAQRe_C2hAYZqq4dN8zkIEhUjWQlHZlvLtt0oVu33v_v1XgdSlh7XkOk6irAnX6ZZHTM9ddyIPrvenU6jJPUe-JPmzXY5P8uh3t30HhXrY1MwJ68o4Egb0IeXDGeMmEiCYSDBuzQOaSzTlFO4AlIieJvRVC9fkCuHM2ow:1p7liH:BPf6inOVYpyG3WfY6Uatonzk3bTTDuEajvd7aqcr7VM", "expire_date": "2023-01-03T23:07:57.932Z"}}, {"model": "sessions.session", "pk": "piyg5oulg5dttjaxpxujv6uhu4ckjs96", "fields": {"session_data": ".eJxVjEEOwiAQRe_C2hAYZqq4dN8zkIEhUjWQlHZlvLtt0oVu33v_v1XgdSlh7XkOk6irAnX6ZZHTM9ddyIPrvenU6jJPUe-JPmzXY5P8uh3t30HhXrY1MwJ68o4Egb0IeXDGeMmEiCYSDBuzQOaSzTlFO4AlIieJvRVC9fkCuHM2ow:1p9UyQ:Lo1NmVn7u-kZg28UyEYjpJWiiOAyKQI39dYMK8YCWtY", "expire_date": "2023-01-08T17:39:46.764Z"}}, {"model": "sessions.session", "pk": "u916el5plqw7v57h1v1ubp53odcucdcq", "fields": {"session_data": "e30:1p2WhS:fsv7Ux8-odEaePTerNnz2hjsAOwS4PphSdT3YwY1J0c", "expire_date": "2022-12-20T12:05:26.130Z"}}, {"model": "sessions.session", "pk": "u9kdibr0g07gwkrigoswyd0fpx2jzwg2", "fields": {"session_data": ".eJxVjEEOwiAQRe_C2hAYZqq4dN8zkIEhUjWQlHZlvLtt0oVu33v_v1XgdSlh7XkOk6irAnX6ZZHTM9ddyIPrvenU6jJPUe-JPmzXY5P8uh3t30HhXrY1MwJ68o4Egb0IeXDGeMmEiCYSDBuzQOaSzTlFO4AlIieJvRVC9fkCuHM2ow:1p8Nd6:KAATlTRfXNHn_Dacq329fR97Apcq3u8-pd4yZ3GWauE", "expire_date": "2023-01-05T15:37:08.158Z"}}, {"model": "sessions.session", "pk": "v9dvbqju6zakteluvns183zgogw16h4m", "fields": {"session_data": ".eJxVjEEOwiAQRe_C2hAYZqq4dN8zkIEhUjWQlHZlvLtt0oVu33v_v1XgdSlh7XkOk6irAnX6ZZHTM9ddyIPrvenU6jJPUe-JPmzXY5P8uh3t30HhXrY1MwJ68o4Egb0IeXDGeMmEiCYSDBuzQOaSzTlFO4AlIieJvRVC9fkCuHM2ow:1p9uFs:Brf-Xeb_WAU07hsf3dvRwNpk7f4jEHbG1gJVBBvz9EA", "expire_date": "2023-01-09T20:39:28.485Z"}}, {"model": "sessions.session", "pk": "vdsnj79q82dbddkhoe23tkcigbl5nz3l", "fields": {"session_data": ".eJxVjEEOwiAQRe_C2hAYZqq4dN8zkIEhUjWQlHZlvLtt0oVu33v_v1XgdSlh7XkOk6irAnX6ZZHTM9ddyIPrvenU6jJPUe-JPmzXY5P8uh3t30HhXrY1MwJ68o4Egb0IeXDGeMmEiCYSDBuzQOaSzTlFO4AlIieJvRVC9fkCuHM2ow:1p7ypw:gE0K84AQsNrk7d1O7qSXwmG7N1QUJDJAE8K96axlKMI", "expire_date": "2023-01-04T13:08:44.597Z"}}, {"model": "sessions.session", "pk": "vgatf3o0x4jhywm5cjiafwvz65bhup9u", "fields": {"session_data": "e30:1p2WiY:ExNVtHxUqDkuzmdCgzcjQPmS-f_ixDAcDuGwbVvKWMw", "expire_date": "2022-12-20T12:06:34.185Z"}}, {"model": "sessions.session", "pk": "x0rrzxmakx01n9d0ahno1z5ktkmrk2jz", "fields": {"session_data": "e30:1p2VoM:SePv1txJhBsUQOmsftg1tWI07EI_KeVpg2mhWSzKAD0", "expire_date": "2022-12-20T11:08:30.666Z"}}, {"model": "sessions.session", "pk": "z6v655m55vne9eridx0pikglko6y17kr", "fields": {"session_data": ".eJxVjEEOwiAQRe_C2hAYZqq4dN8zkIEhUjWQlHZlvLtt0oVu33v_v1XgdSlh7XkOk6irAnX6ZZHTM9ddyIPrvenU6jJPUe-JPmzXY5P8uh3t30HhXrY1MwJ68o4Egb0IeXDGeMmEiCYSDBuzQOaSzTlFO4AlIieJvRVC9fkCuHM2ow:1pAZZ7:m1JOrJT1in_qy1226n8eE3IjNR45ZT89l79SXRfj_c8", "expire_date": "2023-01-11T16:46:05.716Z"}}, {"model": "accounts.user", "pk": 2, "fields": {"password": "pbkdf2_sha256$390000$N5IgGrKhkLwWVVuLNQl5YG$3rQ1yvQMXl9lRJPaNyf3zSuwZUBPd1AePiUVtAuFul4=", "first_name": "Sebastian", "last_name": "Wieczorek", "username": "sauron345", "email": "sebastian.wieczorek@gmail.com", "phone_number": "", "role": null, "date_joined": "2022-11-09T20:35:12.485Z", "last_login": "2023-01-02T11:24:44.748Z", "created_date": "2022-11-09T20:35:12.485Z", "modified_date": "2022-11-24T11:51:03.211Z", "is_admin": true, "is_staff": true, "is_active": true, "is_superadmin": true}}, {"model": "accounts.user", "pk": 18, "fields": {"password": "pbkdf2_sha256$390000$m6aaswYxADaOzzqCTwhv7d$+U8eEC3+P6DvW9Y4zVw5IkxUgBe/IJ+fBA1J2BAGvLU=", "first_name": "Sebastian", "last_name": "Wieczorek", "username": "b_admin", "email": "sebastian.wieczorek11@gmail.com", "phone_number": "508322484", "role": 1, "date_joined": "2022-11-13T10:15:00.528Z", "last_login": "2023-01-02T14:24:45.295Z", "created_date": "2022-11-13T10:15:00.528Z", "modified_date": "2022-12-20T22:32:02.583Z", "is_admin": false, "is_staff": false, "is_active": true, "is_superadmin": false}}, {"model": "accounts.user", "pk": 22, "fields": {"password": "pbkdf2_sha256$390000$PyFmhWxdCAthEuEqUck2Ym$/nVyElZ7aip85dMLiQp/mGA+1N73esjmFH4efDLkAcs=", "first_name": "robert", "last_name": "wieczorek", "username": "seba", "email": "sebastian@gmail.com", "phone_number": "", "role": 1, "date_joined": "2022-11-25T11:23:05.789Z", "last_login": "2022-11-25T11:23:05.789Z", "created_date": "2022-11-25T11:23:05.789Z", "modified_date": "2022-11-25T11:23:05.798Z", "is_admin": false, "is_staff": false, "is_active": false, "is_superadmin": false}}, {"model": "accounts.user", "pk": 23, "fields": {"password": "pbkdf2_sha256$390000$uC7By22dPZxVfZ6ijNoObU$FLB6BJoViVTjo54SVC9T0zE07K/xff22QzHWDWl6RAU=", "first_name": "robert", "last_name": "wieczorek", "username": "papa", "email": "sebson@gmail.com", "phone_number": "", "role": 1, "date_joined": "2022-12-05T16:26:21.390Z", "last_login": "2023-01-02T11:25:03.626Z", "created_date": "2022-12-05T16:26:21.390Z", "modified_date": "2022-12-05T16:26:52.153Z", "is_admin": false, "is_staff": false, "is_active": true, "is_superadmin": false}}, {"model": "accounts.user", "pk": 24, "fields": {"password": "pbkdf2_sha256$390000$croO2BU8YgbtEhoTU2beQK$oDHAoxo72iZMEJneAnk1nRV+2WKRjJFgBRzFmbTm8GI=", "first_name": "sebastian", "last_name": "wieczorek", "username": "sauron985", "email": "seba@gmail.com", "phone_number": "704703744", "role": 2, "date_joined": "2022-12-11T10:21:21.631Z", "last_login": "2022-12-28T21:00:34.504Z", "created_date": "2022-12-11T10:21:21.631Z", "modified_date": "2022-12-12T00:21:28.331Z", "is_admin": false, "is_staff": false, "is_active": true, "is_superadmin": false}}, {"model": "accounts.user", "pk": 27, "fields": {"password": "pbkdf2_sha256$390000$tWGr9OlURaxYrgLkQ33Vfm$iAn/sWG3NFcmqqBV177hdDkDTiourwptQQKEp+9+sXc=", "first_name": "Sebastian", "last_name": "wieczorek", "username": "bob", "email": "sebastian.wieczorek505@gmail.com", "phone_number": "", "role": 1, "date_joined": "2023-01-02T11:45:39.788Z", "last_login": "2023-01-02T11:46:12.244Z", "created_date": "2023-01-02T11:45:39.788Z", "modified_date": "2023-01-02T11:45:59.675Z", "is_admin": false, "is_staff": false, "is_active": true, "is_superadmin": false}}, {"model": "accounts.userprofile", "pk": 2, "fields": {"user": 2, "profile_picture": "", "cover_photo": "", "address": null, "country": null, "state": null, "city": null, "pin_code": null, "latitude": null, "longitude": null, "location": null, "created_at": "2022-11-09T20:35:12.485Z", "modified_at": "2023-01-02T11:24:44.754Z"}}, {"model": "accounts.userprofile", "pk": 18, "fields": {"user": 18, "profile_picture": "users/profile_pictures/profile-picture-1.PNG", "cover_photo": "users/cover_photos/cover-photo-1.PNG", "address": "India Gate, Kartavya Path, India Gate, Nowe Delhi, Delhi, Indie", "country": "Indie", "state": "Maharashtra", "city": "Mumbai", "pin_code": "400101", "latitude": "19.1950808", "longitude": "72.8576152", "location": "SRID=4326;POINT (72.8576152 19.1950808)", "created_at": "2022-11-13T10:15:00.534Z", "modified_at": "2023-01-02T14:24:45.305Z"}}, {"model": "accounts.userprofile", "pk": 22, "fields": {"user": 22, "profile_picture": "", "cover_photo": "", "address": null, "country": null, "state": null, "city": null, "pin_code": null, "latitude": null, "longitude": null, "location": null, "created_at": "2022-11-25T11:23:05.791Z", "modified_at": "2022-11-25T11:23:05.800Z"}}, {"model": "accounts.userprofile", "pk": 23, "fields": {"user": 23, "profile_picture": "users/profile_pictures/burger-600x600.jpg", "cover_photo": "users/cover_photos/cover-photo-1_0sQBe4W.PNG", "address": "Mumbai Central railway station building, Mumbai Central, Bombaj, Maharasztra, Indie", "country": "Indie", "state": null, "city": "Mumbai", "pin_code": "400008", "latitude": "12.9407306", "longitude": "77.5549436", "location": "SRID=4326;POINT (77.5549436 12.9407306)", "created_at": "2022-12-05T16:26:21.397Z", "modified_at": "2023-01-02T11:25:03.632Z"}}, {"model": "accounts.userprofile", "pk": 24, "fields": {"user": 24, "profile_picture": "users/profile_pictures/seafood-600x600_bsPP0xi.jpg", "cover_photo": "users/cover_photos/cover-photo-5_u8nyLrE.PNG", "address": "India Gate, Kartavya Path, India Gate, Nowe Delhi, Delhi, Indie", "country": "Indie", "state": "Delhi", "city": "New Delhi", "pin_code": "110001", "latitude": "28.612912", "longitude": "77.2295097", "location": "SRID=4326;POINT (77.2295097 28.612912)", "created_at": "2022-12-11T10:21:21.641Z", "modified_at": "2022-12-28T21:00:34.510Z"}}, {"model": "accounts.userprofile", "pk": 27, "fields": {"user": 27, "profile_picture": "", "cover_photo": "", "address": null, "country": null, "state": null, "city": null, "pin_code": null, "latitude": null, "longitude": null, "location": null, "created_at": "2023-01-02T11:45:39.793Z", "modified_at": "2023-01-02T11:46:12.249Z"}}, {"model": "vendor.vendor", "pk": 5, "fields": {"user": 18, "user_profile": 18, "vendor_name": "McDonalds", "vendor_slug": "mc-donalds", "vendor_license": "vendor/license/rice-bowl.jpg", "is_approved": true, "created_at": "2022-11-13T10:15:00.554Z", "modified_at": "2022-12-07T14:13:29.351Z"}}, {"model": "vendor.vendor", "pk": 10, "fields": {"user": 23, "user_profile": 23, "vendor_name": "Kebab King", "vendor_slug": "kebab-king-23", "vendor_license": "vendor/license/license_79z1vJD.jpg", "is_approved": true, "created_at": "2022-12-05T16:26:21.421Z", "modified_at": "2022-12-06T14:21:44.635Z"}}, {"model": "vendor.vendor", "pk": 11, "fields": {"user": 27, "user_profile": 27, "vendor_name": "Starbucks", "vendor_slug": "starbucks-27", "vendor_license": "vendor/license/profile-picture-2.PNG", "is_approved": false, "created_at": "2023-01-02T11:45:39.821Z", "modified_at": "2023-01-02T11:45:39.821Z"}}, {"model": "vendor.openinghour", "pk": 71, "fields": {"vendor": 5, "day": 1, "from_hour": "12:00 AM", "to_hour": "12:00 AM", "is_closed": false}}, {"model": "vendor.openinghour", "pk": 89, "fields": {"vendor": 10, "day": 6, "from_hour": "08:30 AM", "to_hour": "02:00 PM", "is_closed": false}}, {"model": "vendor.openinghour", "pk": 92, "fields": {"vendor": 5, "day": 1, "from_hour": "07:00 AM", "to_hour": "07:00 AM", "is_closed": false}}, {"model": "menu.category", "pk": 1, "fields": {"vendor": 5, "category_name": "Burgers", "slug": "burgers", "description": "Test category", "created_at": "2022-11-22T17:32:29.286Z", "updated_at": "2022-11-23T10:04:34.830Z"}}, {"model": "menu.category", "pk": 2, "fields": {"vendor": 5, "category_name": "Pizza", "slug": "pizza", "description": "", "created_at": "2022-11-22T17:33:09.714Z", "updated_at": "2022-11-22T17:35:40.135Z"}}, {"model": "menu.category", "pk": 4, "fields": {"vendor": 5, "category_name": "Something", "slug": "something", "description": "some description which you need to read!", "created_at": "2022-11-23T13:39:16.258Z", "updated_at": "2022-11-23T13:39:16.258Z"}}, {"model": "menu.category", "pk": 13, "fields": {"vendor": 10, "category_name": "Chicken test", "slug": "chicken-test-13", "description": "chicken test!", "created_at": "2022-12-05T19:01:00.208Z", "updated_at": "2022-12-05T19:01:00.213Z"}}, {"model": "menu.fooditem", "pk": 1, "fields": {"vendor": 5, "category": 1, "food_title": "Max Burgers Premium", "slug": "max-burgers-premium", "description": "Food item description", "price": "12.00", "image": "food_images/profile-picture-3.PNG", "is_available": true, "created_at": "2022-11-22T17:47:44.075Z", "updated_at": "2022-11-24T10:50:38.061Z"}}, {"model": "menu.fooditem", "pk": 2, "fields": {"vendor": 5, "category": 4, "food_title": "Chicken wings", "slug": "chicken-wings", "description": "Delicious!", "price": "12.00", "image": "food_images/chicken-barbeque.jpg", "is_available": true, "created_at": "2022-11-23T22:26:28.395Z", "updated_at": "2022-11-23T22:26:28.395Z"}}, {"model": "menu.fooditem", "pk": 5, "fields": {"vendor": 5, "category": 4, "food_title": "Tuna fish", "slug": "tuna-fish", "description": "Great to eat!", "price": "6.00", "image": "food_images/tuna-fish.jpg", "is_available": true, "created_at": "2022-11-23T22:29:11.942Z", "updated_at": "2022-11-23T22:29:11.942Z"}}, {"model": "menu.fooditem", "pk": 10, "fields": {"vendor": 10, "category": 13, "food_title": "Granat", "slug": "granat", "description": "", "price": "5.00", "image": "food_images/profile-picture-4.PNG", "is_available": true, "created_at": "2023-01-02T11:26:33.622Z", "updated_at": "2023-01-02T11:26:33.622Z"}}, {"model": "marketplace.cart", "pk": 111, "fields": {"user": 2, "fooditem": 5, "quantity": 1, "created_at": "2022-12-12T15:10:19.176Z", "updated_at": "2022-12-12T15:10:19.176Z"}}, {"model": "marketplace.cart", "pk": 112, "fields": {"user": 2, "fooditem": 1, "quantity": 6, "created_at": "2022-12-12T15:10:19.832Z", "updated_at": "2022-12-12T16:10:05.293Z"}}, {"model": "marketplace.cart", "pk": 113, "fields": {"user": 2, "fooditem": 2, "quantity": 2, "created_at": "2022-12-12T15:15:22.876Z", "updated_at": "2022-12-12T15:15:23.056Z"}}, {"model": "marketplace.cart", "pk": 123, "fields": {"user": 24, "fooditem": 5, "quantity": 3, "created_at": "2022-12-25T17:46:10.488Z", "updated_at": "2022-12-25T17:46:10.859Z"}}, {"model": "marketplace.cart", "pk": 124, "fields": {"user": 24, "fooditem": 2, "quantity": 1, "created_at": "2022-12-25T17:46:11.493Z", "updated_at": "2022-12-25T17:46:11.493Z"}}, {"model": "marketplace.cart", "pk": 131, "fields": {"user": 18, "fooditem": 2, "quantity": 4, "created_at": "2022-12-30T13:02:24.921Z", "updated_at": "2023-01-02T11:22:48.015Z"}}, {"model": "marketplace.cart", "pk": 135, "fields": {"user": 23, "fooditem": 10, "quantity": 4, "created_at": "2023-01-02T11:26:46.632Z", "updated_at": "2023-01-02T11:26:47.202Z"}}, {"model": "marketplace.cart", "pk": 136, "fields": {"user": 23, "fooditem": 5, "quantity": 2, "created_at": "2023-01-02T11:26:52.811Z", "updated_at": "2023-01-02T11:26:52.947Z"}}, {"model": "marketplace.cart", "pk": 137, "fields": {"user": 23, "fooditem": 2, "quantity": 1, "created_at": "2023-01-02T11:26:53.356Z", "updated_at": "2023-01-02T11:26:53.356Z"}}, {"model": "marketplace.cart", "pk": 138, "fields": {"user": 23, "fooditem": 1, "quantity": 1, "created_at": "2023-01-02T11:26:54.039Z", "updated_at": "2023-01-02T11:26:54.039Z"}}, {"model": "marketplace.cart", "pk": 140, "fields": {"user": 18, "fooditem": 1, "quantity": 3, "created_at": "2023-01-02T14:43:41.198Z", "updated_at": "2023-01-02T14:43:42.231Z"}}, {"model": "marketplace.tax", "pk": 1, "fields": {"tax_type": "CGST", "tax_percentage": "9.00", "is_active": true}}, {"model": "marketplace.tax", "pk": 2, "fields": {"tax_type": "SGST", "tax_percentage": "7.00", "is_active": true}}, {"model": "orders.payment", "pk": 1, "fields": {"user": 18, "transaction_id": "24P85927G49799138", "payment_method": "PayPal", "amount": "27.84", "status": "COMPLETED", "created_at": "2022-12-21T13:16:48.726Z"}}, {"model": "orders.payment", "pk": 2, "fields": {"user": 18, "transaction_id": "6J013382KV546084G", "payment_method": "PayPal", "amount": "27.84", "status": "COMPLETED", "created_at": "2022-12-22T15:36:13.921Z"}}, {"model": "orders.payment", "pk": 3, "fields": {"user": 18, "transaction_id": "96H15718W6917311S", "payment_method": "PayPal", "amount": "27.84", "status": "COMPLETED", "created_at": "2022-12-22T15:36:54.521Z"}}, {"model": "orders.payment", "pk": 4, "fields": {"user": 18, "transaction_id": "65P48415VA073944V", "payment_method": "PayPal", "amount": "27.84", "status": "COMPLETED", "created_at": "2022-12-22T18:02:39.415Z"}}, {"model": "orders.payment", "pk": 5, "fields": {"user": 18, "transaction_id": "6TV9835323523071A", "payment_method": "PayPal", "amount": "27.84", "status": "COMPLETED", "created_at": "2022-12-22T18:07:15.490Z"}}, {"model": "orders.payment", "pk": 6, "fields": {"user": 18, "transaction_id": "75Y36566NY114524M", "payment_method": "PayPal", "amount": "27.84", "status": "COMPLETED", "created_at": "2022-12-22T18:08:01.679Z"}}, {"model": "orders.payment", "pk": 7, "fields": {"user": 18, "transaction_id": "3TP56082AF701660E", "payment_method": "PayPal", "amount": "27.84", "status": "COMPLETED", "created_at": "2022-12-22T18:08:36.395Z"}}, {"model": "orders.payment", "pk": 8, "fields": {"user": 18, "transaction_id": "6EJ55161SE081164T", "payment_method": "PayPal", "amount": "27.84", "status": "COMPLETED", "created_at": "2022-12-23T00:39:32.877Z"}}, {"model": "orders.payment", "pk": 9, "fields": {"user": 18, "transaction_id": "8CG48302LK7431747", "payment_method": "PayPal", "amount": "27.84", "status": "COMPLETED", "created_at": "2022-12-23T00:42:10.648Z"}}, {"model": "orders.payment", "pk": 10, "fields": {"user": 18, "transaction_id": "8GF903525E618204E", "payment_method": "PayPal", "amount": "27.84", "status": "COMPLETED", "created_at": "2022-12-23T00:42:35.250Z"}}, {"model": "orders.payment", "pk": 11, "fields": {"user": 18, "transaction_id": "68H48888MC033460S", "payment_method": "PayPal", "amount": "27.84", "status": "COMPLETED", "created_at": "2022-12-23T00:42:45.949Z"}}, {"model": "orders.payment", "pk": 12, "fields": {"user": 18, "transaction_id": "5CL352055S745013S", "payment_method": "PayPal", "amount": "149.64", "status": "COMPLETED", "created_at": "2022-12-23T00:43:45.820Z"}}, {"model": "orders.payment", "pk": 13, "fields": {"user": 18, "transaction_id": "0BB29727RS042413E", "payment_method": "PayPal", "amount": "149.64", "status": "COMPLETED", "created_at": "2022-12-23T00:45:39.672Z"}}, {"model": "orders.payment", "pk": 14, "fields": {"user": 18, "transaction_id": "3WA51261F67299200", "payment_method": "PayPal", "amount": "149.64", "status": "COMPLETED", "created_at": "2022-12-23T00:46:51.905Z"}}, {"model": "orders.payment", "pk": 15, "fields": {"user": 18, "transaction_id": "02699765DA518624F", "payment_method": "PayPal", "amount": "149.64", "status": "COMPLETED", "created_at": "2022-12-23T01:22:52.499Z"}}, {"model": "orders.payment", "pk": 16, "fields": {"user": 18, "transaction_id": "3F310998AW778391W", "payment_method": "PayPal", "amount": "149.64", "status": "COMPLETED", "created_at": "2022-12-23T01:23:39.987Z"}}, {"model": "orders.payment", "pk": 17, "fields": {"user": 18, "transaction_id": "6EV09618R23610611", "payment_method": "PayPal", "amount": "149.64", "status": "COMPLETED", "created_at": "2022-12-23T16:49:49.605Z"}}, {"model": "orders.payment", "pk": 18, "fields": {"user": 18, "transaction_id": "59447881JX959313G", "payment_method": "PayPal", "amount": "149.64", "status": "COMPLETED", "created_at": "2022-12-23T16:52:05.317Z"}}, {"model": "orders.payment", "pk": 19, "fields": {"user": 18, "transaction_id": "67C93768KT080130M", "payment_method": "PayPal", "amount": "149.64", "status": "COMPLETED", "created_at": "2022-12-23T16:53:44.619Z"}}, {"model": "orders.payment", "pk": 20, "fields": {"user": 18, "transaction_id": "7RC27492EJ610530R", "payment_method": "PayPal", "amount": "149.64", "status": "COMPLETED", "created_at": "2022-12-23T16:54:18.402Z"}}, {"model": "orders.payment", "pk": 21, "fields": {"user": 18, "transaction_id": "20S40594XY361503A", "payment_method": "PayPal", "amount": "149.64", "status": "COMPLETED", "created_at": "2022-12-23T16:54:38.735Z"}}, {"model": "orders.payment", "pk": 22, "fields": {"user": 18, "transaction_id": "9CJ289259U285024S", "payment_method": "PayPal", "amount": "149.64", "status": "COMPLETED", "created_at": "2022-12-23T16:55:02.981Z"}}, {"model": "orders.payment", "pk": 23, "fields": {"user": 18, "transaction_id": "59B3038178044113F", "payment_method": "PayPal", "amount": "149.64", "status": "COMPLETED", "created_at": "2022-12-23T16:56:22.467Z"}}, {"model": "orders.payment", "pk": 24, "fields": {"user": 18, "transaction_id": "8UN55087H6146400R", "payment_method": "PayPal", "amount": "149.64", "status": "COMPLETED", "created_at": "2022-12-23T18:06:33.027Z"}}, {"model": "orders.payment", "pk": 25, "fields": {"user": 18, "transaction_id": "4601065139165563E", "payment_method": "PayPal", "amount": "149.64", "status": "COMPLETED", "created_at": "2022-12-23T18:08:33.343Z"}}, {"model": "orders.payment", "pk": 26, "fields": {"user": 18, "transaction_id": "5FN45379A33910502", "payment_method": "PayPal", "amount": "149.64", "status": "COMPLETED", "created_at": "2022-12-23T18:11:34.543Z"}}, {"model": "orders.payment", "pk": 27, "fields": {"user": 18, "transaction_id": "4EN68336VL7201801", "payment_method": "PayPal", "amount": "149.64", "status": "COMPLETED", "created_at": "2022-12-23T19:11:08.703Z"}}, {"model": "orders.payment", "pk": 28, "fields": {"user": 18, "transaction_id": "9AX44177BF859824K", "payment_method": "PayPal", "amount": "149.64", "status": "COMPLETED", "created_at": "2022-12-23T19:11:35.789Z"}}, {"model": "orders.payment", "pk": 29, "fields": {"user": 18, "transaction_id": "0MT7565392799373B", "payment_method": "PayPal", "amount": "149.64", "status": "COMPLETED", "created_at": "2022-12-23T19:12:45.026Z"}}, {"model": "orders.payment", "pk": 30, "fields": {"user": 24, "transaction_id": "79T065037A6108726", "payment_method": "PayPal", "amount": "53.36", "status": "COMPLETED", "created_at": "2022-12-23T19:14:21.941Z"}}, {"model": "orders.payment", "pk": 31, "fields": {"user": 24, "transaction_id": "8VD60195D4279851J", "payment_method": "PayPal", "amount": "53.36", "status": "COMPLETED", "created_at": "2022-12-23T19:15:09.745Z"}}, {"model": "orders.payment", "pk": 32, "fields": {"user": 24, "transaction_id": "0YB495085E922112C", "payment_method": "PayPal", "amount": "53.36", "status": "COMPLETED", "created_at": "2022-12-23T19:18:28.465Z"}}, {"model": "orders.payment", "pk": 37, "fields": {"user": 18, "transaction_id": "6WR36874X9676223G", "payment_method": "PayPal", "amount": "149.64", "status": "COMPLETED", "created_at": "2022-12-23T19:28:02.452Z"}}, {"model": "orders.payment", "pk": 48, "fields": {"user": 18, "transaction_id": "31A90478JW069544C", "payment_method": "PayPal", "amount": "95.12", "status": "COMPLETED", "created_at": "2022-12-25T17:41:02.909Z"}}, {"model": "orders.payment", "pk": 49, "fields": {"user": 24, "transaction_id": "76E28780NA062691G", "payment_method": "PayPal", "amount": "114.84", "status": "COMPLETED", "created_at": "2022-12-25T17:46:26.462Z"}}, {"model": "orders.payment", "pk": 50, "fields": {"user": 18, "transaction_id": "4DY41884CF555224B", "payment_method": "PayPal", "amount": "95.12", "status": "COMPLETED", "created_at": "2022-12-27T00:31:29.281Z"}}, {"model": "orders.payment", "pk": 51, "fields": {"user": 18, "transaction_id": "9BA60959NA040703X", "payment_method": "PayPal", "amount": "69.6", "status": "COMPLETED", "created_at": "2022-12-27T00:40:46.669Z"}}, {"model": "orders.payment", "pk": 52, "fields": {"user": 18, "transaction_id": "1SN87681RG291521K", "payment_method": "PayPal", "amount": "122.96", "status": "COMPLETED", "created_at": "2022-12-28T12:35:29.744Z"}}, {"model": "orders.payment", "pk": 53, "fields": {"user": 18, "transaction_id": "9AF65516RT068252G", "payment_method": "PayPal", "amount": "111.36", "status": "COMPLETED", "created_at": "2022-12-28T15:21:21.902Z"}}, {"model": "orders.payment", "pk": 54, "fields": {"user": 18, "transaction_id": "1J788186P46107059", "payment_method": "PayPal", "amount": "41.76", "status": "COMPLETED", "created_at": "2022-12-28T16:32:50.622Z"}}, {"model": "orders.payment", "pk": 55, "fields": {"user": 24, "transaction_id": "4LT53834TX858925E", "payment_method": "PayPal", "amount": "221.56", "status": "COMPLETED", "created_at": "2022-12-28T19:54:41.399Z"}}, {"model": "orders.payment", "pk": 56, "fields": {"user": 18, "transaction_id": "9YG40170BA6996715", "payment_method": "PayPal", "amount": "95.12", "status": "COMPLETED", "created_at": "2022-12-28T21:42:05.973Z"}}, {"model": "orders.payment", "pk": 57, "fields": {"user": 18, "transaction_id": "5GF56985R82632419", "payment_method": "PayPal", "amount": "53.36", "status": "COMPLETED", "created_at": "2022-12-28T21:51:12.426Z"}}, {"model": "orders.payment", "pk": 58, "fields": {"user": 18, "transaction_id": "4DV97279D6014952J", "payment_method": "PayPal", "amount": "132.24", "status": "COMPLETED", "created_at": "2022-12-30T13:02:51.335Z"}}, {"model": "orders.payment", "pk": 59, "fields": {"user": 18, "transaction_id": "1FR15014U5259571M", "payment_method": "PayPal", "amount": "111.36", "status": "COMPLETED", "created_at": "2022-12-30T13:06:03.507Z"}}, {"model": "orders.payment", "pk": 60, "fields": {"user": 18, "transaction_id": "2M453255TA179300L", "payment_method": "PayPal", "amount": "41.76", "status": "COMPLETED", "created_at": "2022-12-30T13:09:30.115Z"}}, {"model": "orders.payment", "pk": 61, "fields": {"user": 18, "transaction_id": "3KX92453YJ7347600", "payment_method": "PayPal", "amount": "13.92", "status": "COMPLETED", "created_at": "2022-12-30T13:24:05.660Z"}}, {"model": "orders.payment", "pk": 62, "fields": {"user": 18, "transaction_id": "4D584722DM043991D", "payment_method": "PayPal", "amount": "153.12", "status": "COMPLETED", "created_at": "2022-12-30T13:25:46.253Z"}}, {"model": "orders.payment", "pk": 63, "fields": {"user": 18, "transaction_id": "635127029J306810B", "payment_method": "PayPal", "amount": "97.44", "status": "COMPLETED", "created_at": "2022-12-30T13:27:28.888Z"}}, {"model": "orders.payment", "pk": 64, "fields": {"user": 18, "transaction_id": "60289187TJ9111805", "payment_method": "PayPal", "amount": "153.12", "status": "COMPLETED", "created_at": "2022-12-30T13:28:26.609Z"}}, {"model": "orders.payment", "pk": 65, "fields": {"user": 18, "transaction_id": "0NN21962XD4395918", "payment_method": "PayPal", "amount": "125.28", "status": "COMPLETED", "created_at": "2022-12-30T17:36:11.030Z"}}, {"model": "orders.payment", "pk": 66, "fields": {"user": 18, "transaction_id": "25X30916UW093551P", "payment_method": "PayPal", "amount": "97.44", "status": "COMPLETED", "created_at": "2022-12-30T17:44:39.006Z"}}, {"model": "orders.payment", "pk": 67, "fields": {"user": 18, "transaction_id": "8HE414790S575120M", "payment_method": "PayPal", "amount": "27.84", "status": "COMPLETED", "created_at": "2022-12-30T17:59:17.700Z"}}, {"model": "orders.payment", "pk": 68, "fields": {"user": 18, "transaction_id": "2UB26329LF384371X", "payment_method": "PayPal", "amount": "83.52", "status": "COMPLETED", "created_at": "2023-01-02T10:57:56.905Z"}}, {"model": "orders.payment", "pk": 69, "fields": {"user": 18, "transaction_id": "82F61350CX801764A", "payment_method": "PayPal", "amount": "104.4", "status": "COMPLETED", "created_at": "2023-01-02T10:59:11.969Z"}}, {"model": "orders.payment", "pk": 70, "fields": {"user": 18, "transaction_id": "7NC40237TL095480A", "payment_method": "PayPal", "amount": "83.52", "status": "COMPLETED", "created_at": "2023-01-02T11:20:16.170Z"}}, {"model": "orders.payment", "pk": 71, "fields": {"user": 18, "transaction_id": "1W125032C8308922G", "payment_method": "PayPal", "amount": "55.68", "status": "COMPLETED", "created_at": "2023-01-02T11:23:00.685Z"}}, {"model": "orders.payment", "pk": 72, "fields": {"user": 23, "transaction_id": "94A08912V6838902G", "payment_method": "PayPal", "amount": "64.96", "status": "COMPLETED", "created_at": "2023-01-02T11:27:08.120Z"}}, {"model": "orders.order", "pk": 223, "fields": {"user": 18, "payment": 52, "order_number": "20221228133514223", "first_name": "Sebastian", "last_name": "Wieczorek", "phone": "508322484", "email": "sebastian.wieczorek11@gmail.com", "address": "India Gate, Kartavya Path, India Gate, Nowe Delhi, Delhi, Indie", "country": "Indie", "state": "Maharashtra", "city": "Mumbai", "pin_code": "400101", "total": 122.96, "tax_data": "{\"CGST\": {\"9.00\": 9.54}, \"SGST\": {\"7.00\": 7.42}}", "total_data": "{\"5\": {\"60.00\": {\"CGST\": {\"9.00\": 5.40}, \"SGST\": {\"7.00\": 4.20}}}, \"6\": {\"46.00\": {\"CGST\": {\"9.00\": 4.14}, \"SGST\": {\"7.00\": 3.22}}}}", "total_tax": 16.96, "payment_method": "PayPal", "status": "New", "is_ordered": true, "created_at": "2022-12-28T12:35:14.290Z", "updated_at": "2022-12-28T12:35:29.745Z", "vendors": [5]}}, {"model": "orders.order", "pk": 224, "fields": {"user": 18, "payment": 53, "order_number": "20221228162107224", "first_name": "Sebastian", "last_name": "Wieczorek", "phone": "508322484", "email": "sebastian.wieczorek11@gmail.com", "address": "India Gate, Kartavya Path, India Gate, Nowe Delhi, Delhi, Indie", "country": "Indie", "state": "Maharashtra", "city": "Mumbai", "pin_code": "400101", "total": 111.36, "tax_data": "{\"CGST\": {\"9.00\": 8.64}, \"SGST\": {\"7.00\": 6.72}}", "total_data": "{\"5\": {\"96.00\": {\"CGST\": {\"9.00\": 8.64}, \"SGST\": {\"7.00\": 6.72}}}}", "total_tax": 15.36, "payment_method": "PayPal", "status": "New", "is_ordered": true, "created_at": "2022-12-28T15:21:07.983Z", "updated_at": "2022-12-28T15:21:21.904Z", "vendors": [5]}}, {"model": "orders.order", "pk": 225, "fields": {"user": 18, "payment": 54, "order_number": "20221228173236225", "first_name": "Sebastian", "last_name": "Wieczorek", "phone": "508322484", "email": "sebastian.wieczorek11@gmail.com", "address": "India Gate, Kartavya Path, India Gate, Nowe Delhi, Delhi, Indie", "country": "Indie", "state": "Maharashtra", "city": "Mumbai", "pin_code": "400101", "total": 41.76, "tax_data": "{\"CGST\": {\"9.00\": 3.24}, \"SGST\": {\"7.00\": 2.52}}", "total_data": "{\"5\": {\"36.00\": {\"CGST\": {\"9.00\": 3.24}, \"SGST\": {\"7.00\": 2.52}}}}", "total_tax": 5.76, "payment_method": "PayPal", "status": "New", "is_ordered": true, "created_at": "2022-12-28T16:32:36.865Z", "updated_at": "2022-12-28T16:32:50.628Z", "vendors": [5]}}, {"model": "orders.order", "pk": 226, "fields": {"user": 24, "payment": 55, "order_number": "20221228205427226", "first_name": "Sebastian", "last_name": "wieczorek", "phone": "704703744", "email": "seba@gmail.com", "address": "India Gate, Kartavya Path, India Gate, Nowe Delhi, Delhi, Indie", "country": "Indie", "state": "Delhi", "city": "New Delhi", "pin_code": "110001", "total": 221.56, "tax_data": "{\"CGST\": {\"9.00\": 17.19}, \"SGST\": {\"7.00\": 13.37}}", "total_data": "{\"6\": {\"161.00\": {\"CGST\": {\"9.00\": 14.49}, \"SGST\": {\"7.00\": 11.27}}}, \"5\": {\"30.00\": {\"CGST\": {\"9.00\": 2.70}, \"SGST\": {\"7.00\": 2.10}}}}", "total_tax": 30.56, "payment_method": "PayPal", "status": "New", "is_ordered": true, "created_at": "2022-12-28T19:54:27.052Z", "updated_at": "2022-12-28T19:54:41.406Z", "vendors": [5]}}, {"model": "orders.order", "pk": 227, "fields": {"user": 18, "payment": 56, "order_number": "20221228224150227", "first_name": "Sebastian", "last_name": "Wieczorek", "phone": "508322484", "email": "sebastian.wieczorek11@gmail.com", "address": "India Gate, Kartavya Path, India Gate, Nowe Delhi, Delhi, Indie", "country": "Indie", "state": "Maharashtra", "city": "Mumbai", "pin_code": "400101", "total": 95.12, "tax_data": "{\"CGST\": {\"9.00\": 7.38}, \"SGST\": {\"7.00\": 5.74}}", "total_data": "{\"5\": {\"36.00\": {\"CGST\": {\"9.00\": 3.24}, \"SGST\": {\"7.00\": 2.52}}}, \"6\": {\"46.00\": {\"CGST\": {\"9.00\": 4.14}, \"SGST\": {\"7.00\": 3.22}}}}", "total_tax": 13.12, "payment_method": "PayPal", "status": "New", "is_ordered": true, "created_at": "2022-12-28T21:41:50.579Z", "updated_at": "2022-12-28T21:42:05.973Z", "vendors": [5]}}, {"model": "orders.order", "pk": 228, "fields": {"user": 18, "payment": 57, "order_number": "20221228225102228", "first_name": "Sebastian", "last_name": "Wieczorek", "phone": "508322484", "email": "sebastian.wieczorek11@gmail.com", "address": "India Gate, Kartavya Path, India Gate, Nowe Delhi, Delhi, Indie", "country": "Indie", "state": "Maharashtra", "city": "Mumbai", "pin_code": "400101", "total": 53.36, "tax_data": "{\"CGST\": {\"9.00\": 4.14}, \"SGST\": {\"7.00\": 3.22}}", "total_data": "{\"6\": {\"46.00\": {\"CGST\": {\"9.00\": 4.14}, \"SGST\": {\"7.00\": 3.22}}}}", "total_tax": 7.36, "payment_method": "PayPal", "status": "New", "is_ordered": true, "created_at": "2022-12-28T21:51:02.351Z", "updated_at": "2022-12-28T21:51:12.426Z", "vendors": []}}, {"model": "orders.order", "pk": 229, "fields": {"user": 18, "payment": 58, "order_number": "20221230140236229", "first_name": "Sebastian", "last_name": "Wieczorek", "phone": "508322484", "email": "sebastian.wieczorek11@gmail.com", "address": "India Gate, Kartavya Path, India Gate, Nowe Delhi, Delhi, Indie", "country": "Indie", "state": "Maharashtra", "city": "Mumbai", "pin_code": "400101", "total": 132.24, "tax_data": "{\"CGST\": {\"9.00\": 10.26}, \"SGST\": {\"7.00\": 7.98}}", "total_data": "{\"5\": {\"114.00\": {\"CGST\": {\"9.00\": 10.26}, \"SGST\": {\"7.00\": 7.98}}}}", "total_tax": 18.24, "payment_method": "PayPal", "status": "New", "is_ordered": true, "created_at": "2022-12-30T13:02:36.199Z", "updated_at": "2022-12-30T13:02:51.345Z", "vendors": [5]}}, {"model": "orders.order", "pk": 230, "fields": {"user": 18, "payment": 59, "order_number": "20221230140550230", "first_name": "Sebastian", "last_name": "Wieczorek", "phone": "508322484", "email": "sebastian.wieczorek11@gmail.com", "address": "India Gate, Kartavya Path, India Gate, Nowe Delhi, Delhi, Indie", "country": "Indie", "state": "Maharashtra", "city": "Mumbai", "pin_code": "400101", "total": 111.36, "tax_data": "{\"CGST\": {\"9.00\": 8.64}, \"SGST\": {\"7.00\": 6.72}}", "total_data": "{\"5\": {\"96.00\": {\"CGST\": {\"9.00\": 8.64}, \"SGST\": {\"7.00\": 6.72}}}}", "total_tax": 15.36, "payment_method": "PayPal", "status": "New", "is_ordered": true, "created_at": "2022-12-30T13:05:50.352Z", "updated_at": "2022-12-30T13:06:03.513Z", "vendors": [5]}}, {"model": "orders.order", "pk": 231, "fields": {"user": 18, "payment": 60, "order_number": "20221230140914231", "first_name": "Sebastian", "last_name": "Wieczorek", "phone": "508322484", "email": "sebastian.wieczorek11@gmail.com", "address": "India Gate, Kartavya Path, India Gate, Nowe Delhi, Delhi, Indie", "country": "Indie", "state": "Maharashtra", "city": "Mumbai", "pin_code": "400101", "total": 41.76, "tax_data": "{\"CGST\": {\"9.00\": 3.24}, \"SGST\": {\"7.00\": 2.52}}", "total_data": "{\"5\": {\"36.00\": {\"CGST\": {\"9.00\": 3.24}, \"SGST\": {\"7.00\": 2.52}}}}", "total_tax": 5.76, "payment_method": "PayPal", "status": "New", "is_ordered": true, "created_at": "2022-12-30T13:09:14.126Z", "updated_at": "2022-12-30T13:09:30.120Z", "vendors": [5]}}, {"model": "orders.order", "pk": 232, "fields": {"user": 18, "payment": 61, "order_number": "20221230142354232", "first_name": "Sebastian", "last_name": "Wieczorek", "phone": "508322484", "email": "sebastian.wieczorek11@gmail.com", "address": "India Gate, Kartavya Path, India Gate, Nowe Delhi, Delhi, Indie", "country": "Indie", "state": "Maharashtra", "city": "Mumbai", "pin_code": "400101", "total": 13.92, "tax_data": "{\"CGST\": {\"9.00\": 1.08}, \"SGST\": {\"7.00\": 0.84}}", "total_data": "{\"5\": {\"12.00\": {\"CGST\": {\"9.00\": 1.08}, \"SGST\": {\"7.00\": 0.84}}}}", "total_tax": 1.92, "payment_method": "PayPal", "status": "New", "is_ordered": true, "created_at": "2022-12-30T13:23:54.010Z", "updated_at": "2022-12-30T13:24:05.660Z", "vendors": [5]}}, {"model": "orders.order", "pk": 233, "fields": {"user": 18, "payment": 62, "order_number": "20221230142537233", "first_name": "Sebastian", "last_name": "Wieczorek", "phone": "508322484", "email": "sebastian.wieczorek11@gmail.com", "address": "India Gate, Kartavya Path, India Gate, Nowe Delhi, Delhi, Indie", "country": "Indie", "state": "Maharashtra", "city": "Mumbai", "pin_code": "400101", "total": 153.12, "tax_data": "{\"CGST\": {\"9.00\": 11.88}, \"SGST\": {\"7.00\": 9.24}}", "total_data": "{\"5\": {\"132.00\": {\"CGST\": {\"9.00\": 11.88}, \"SGST\": {\"7.00\": 9.24}}}}", "total_tax": 21.12, "payment_method": "PayPal", "status": "New", "is_ordered": true, "created_at": "2022-12-30T13:25:37.495Z", "updated_at": "2022-12-30T13:25:46.253Z", "vendors": [5]}}, {"model": "orders.order", "pk": 234, "fields": {"user": 18, "payment": 63, "order_number": "20221230142720234", "first_name": "Sebastian", "last_name": "Wieczorek", "phone": "508322484", "email": "sebastian.wieczorek11@gmail.com", "address": "India Gate, Kartavya Path, India Gate, Nowe Delhi, Delhi, Indie", "country": "Indie", "state": "Maharashtra", "city": "Mumbai", "pin_code": "400101", "total": 97.44, "tax_data": "{\"CGST\": {\"9.00\": 7.56}, \"SGST\": {\"7.00\": 5.88}}", "total_data": "{\"5\": {\"84.00\": {\"CGST\": {\"9.00\": 7.56}, \"SGST\": {\"7.00\": 5.88}}}}", "total_tax": 13.44, "payment_method": "PayPal", "status": "New", "is_ordered": true, "created_at": "2022-12-30T13:27:20.155Z", "updated_at": "2022-12-30T13:27:28.888Z", "vendors": [5]}}, {"model": "orders.order", "pk": 235, "fields": {"user": 18, "payment": 64, "order_number": "20221230142816235", "first_name": "Sebastian", "last_name": "Wieczorek", "phone": "508322484", "email": "sebastian.wieczorek11@gmail.com", "address": "India Gate, Kartavya Path, India Gate, Nowe Delhi, Delhi, Indie", "country": "Indie", "state": "Maharashtra", "city": "Mumbai", "pin_code": "400101", "total": 153.12, "tax_data": "{\"CGST\": {\"9.00\": 11.88}, \"SGST\": {\"7.00\": 9.24}}", "total_data": "{\"5\": {\"132.00\": {\"CGST\": {\"9.00\": 11.88}, \"SGST\": {\"7.00\": 9.24}}}}", "total_tax": 21.12, "payment_method": "PayPal", "status": "New", "is_ordered": true, "created_at": "2022-12-30T13:28:16.143Z", "updated_at": "2022-12-30T13:28:26.609Z", "vendors": [5]}}, {"model": "orders.order", "pk": 236, "fields": {"user": 18, "payment": 65, "order_number": "20221230183551236", "first_name": "Sebastian", "last_name": "Wieczorek", "phone": "508322484", "email": "sebastian.wieczorek11@gmail.com", "address": "India Gate, Kartavya Path, India Gate, Nowe Delhi, Delhi, Indie", "country": "Indie", "state": "Maharashtra", "city": "Mumbai", "pin_code": "400101", "total": 125.28, "tax_data": "{\"CGST\": {\"9.00\": 9.72}, \"SGST\": {\"7.00\": 7.56}}", "total_data": "{\"5\": {\"108.00\": {\"CGST\": {\"9.00\": 9.72}, \"SGST\": {\"7.00\": 7.56}}}}", "total_tax": 17.28, "payment_method": "PayPal", "status": "New", "is_ordered": true, "created_at": "2022-12-30T17:35:51.956Z", "updated_at": "2022-12-30T17:36:11.031Z", "vendors": [5]}}, {"model": "orders.order", "pk": 237, "fields": {"user": 18, "payment": 66, "order_number": "20221230184429237", "first_name": "Sebastian", "last_name": "Wieczorek", "phone": "508322484", "email": "sebastian.wieczorek11@gmail.com", "address": "India Gate, Kartavya Path, India Gate, Nowe Delhi, Delhi, Indie", "country": "Indie", "state": "Maharashtra", "city": "Mumbai", "pin_code": "400101", "total": 97.44, "tax_data": "{\"CGST\": {\"9.00\": 7.56}, \"SGST\": {\"7.00\": 5.88}}", "total_data": "{\"5\": {\"84.00\": {\"CGST\": {\"9.00\": 7.56}, \"SGST\": {\"7.00\": 5.88}}}}", "total_tax": 13.44, "payment_method": "PayPal", "status": "New", "is_ordered": true, "created_at": "2022-12-30T17:44:29.744Z", "updated_at": "2022-12-30T17:44:39.006Z", "vendors": [5]}}, {"model": "orders.order", "pk": 238, "fields": {"user": 18, "payment": 67, "order_number": "20221230185908238", "first_name": "Sebastian", "last_name": "Wieczorek", "phone": "508322484", "email": "sebastian.wieczorek11@gmail.com", "address": "India Gate, Kartavya Path, India Gate, Nowe Delhi, Delhi, Indie", "country": "Indie", "state": "Maharashtra", "city": "Mumbai", "pin_code": "400101", "total": 27.84, "tax_data": "{\"CGST\": {\"9.00\": 2.16}, \"SGST\": {\"7.00\": 1.68}}", "total_data": "{\"5\": {\"24.00\": {\"CGST\": {\"9.00\": 2.16}, \"SGST\": {\"7.00\": 1.68}}}}", "total_tax": 3.84, "payment_method": "PayPal", "status": "New", "is_ordered": true, "created_at": "2022-12-30T17:59:08.421Z", "updated_at": "2022-12-30T17:59:17.700Z", "vendors": [5]}}, {"model": "orders.order", "pk": 239, "fields": {"user": 18, "payment": 68, "order_number": "20230102115741239", "first_name": "Sebastian", "last_name": "Wieczorek", "phone": "508322484", "email": "sebastian.wieczorek11@gmail.com", "address": "India Gate, Kartavya Path, India Gate, Nowe Delhi, Delhi, Indie", "country": "Indie", "state": "Maharashtra", "city": "Mumbai", "pin_code": "400101", "total": 83.52, "tax_data": "{\"CGST\": {\"9.00\": 6.48}, \"SGST\": {\"7.00\": 5.04}}", "total_data": "{\"5\": {\"72.00\": {\"CGST\": {\"9.00\": 6.48}, \"SGST\": {\"7.00\": 5.04}}}}", "total_tax": 11.52, "payment_method": "PayPal", "status": "New", "is_ordered": true, "created_at": "2023-01-02T10:57:41.933Z", "updated_at": "2023-01-02T10:57:56.909Z", "vendors": [5]}}, {"model": "orders.order", "pk": 240, "fields": {"user": 18, "payment": 69, "order_number": "20230102115900240", "first_name": "Sebastian", "last_name": "Wieczorek", "phone": "508322484", "email": "sebastian.wieczorek11@gmail.com", "address": "India Gate, Kartavya Path, India Gate, Nowe Delhi, Delhi, Indie", "country": "Indie", "state": "Maharashtra", "city": "Mumbai", "pin_code": "400101", "total": 104.4, "tax_data": "{\"CGST\": {\"9.00\": 8.10}, \"SGST\": {\"7.00\": 6.30}}", "total_data": "{\"5\": {\"90.00\": {\"CGST\": {\"9.00\": 8.10}, \"SGST\": {\"7.00\": 6.30}}}}", "total_tax": 14.4, "payment_method": "PayPal", "status": "New", "is_ordered": true, "created_at": "2023-01-02T10:59:00.638Z", "updated_at": "2023-01-02T10:59:11.971Z", "vendors": [5]}}, {"model": "orders.order", "pk": 241, "fields": {"user": 18, "payment": 70, "order_number": "20230102122006241", "first_name": "Sebastian", "last_name": "Wieczorek", "phone": "508322484", "email": "sebastian.wieczorek11@gmail.com", "address": "India Gate, Kartavya Path, India Gate, Nowe Delhi, Delhi, Indie", "country": "Indie", "state": "Maharashtra", "city": "Mumbai", "pin_code": "400101", "total": 83.52, "tax_data": "{\"CGST\": {\"9.00\": 6.48}, \"SGST\": {\"7.00\": 5.04}}", "total_data": "{\"5\": {\"72.00\": {\"CGST\": {\"9.00\": 6.48}, \"SGST\": {\"7.00\": 5.04}}}}", "total_tax": 11.52, "payment_method": "PayPal", "status": "New", "is_ordered": true, "created_at": "2023-01-02T11:20:06.441Z", "updated_at": "2023-01-02T11:20:16.177Z", "vendors": [5]}}, {"model": "orders.order", "pk": 242, "fields": {"user": 18, "payment": 71, "order_number": "20230102122251242", "first_name": "Sebastian", "last_name": "Wieczorek", "phone": "508322484", "email": "sebastian.wieczorek11@gmail.com", "address": "India Gate, Kartavya Path, India Gate, Nowe Delhi, Delhi, Indie", "country": "Indie", "state": "Maharashtra", "city": "Mumbai", "pin_code": "400101", "total": 55.68, "tax_data": "{\"CGST\": {\"9.00\": 4.32}, \"SGST\": {\"7.00\": 3.36}}", "total_data": "{\"5\": {\"48.00\": {\"CGST\": {\"9.00\": 4.32}, \"SGST\": {\"7.00\": 3.36}}}}", "total_tax": 7.68, "payment_method": "PayPal", "status": "New", "is_ordered": true, "created_at": "2023-01-02T11:22:51.544Z", "updated_at": "2023-01-02T11:23:00.687Z", "vendors": [5]}}, {"model": "orders.order", "pk": 243, "fields": {"user": 23, "payment": 72, "order_number": "20230102122659243", "first_name": "Sebastian", "last_name": "wieczorek", "phone": "", "email": "sebson@gmail.com", "address": "Mumbai Central railway station building, Mumbai Central, Bombaj, Maharasztra, Indie", "country": "Indie", "state": "", "city": "Mumbai", "pin_code": "400008", "total": 64.96, "tax_data": "{\"CGST\": {\"9.00\": 5.04}, \"SGST\": {\"7.00\": 3.92}}", "total_data": "{\"10\": {\"20.00\": {\"CGST\": {\"9.00\": 1.80}, \"SGST\": {\"7.00\": 1.40}}}, \"5\": {\"36.00\": {\"CGST\": {\"9.00\": 3.24}, \"SGST\": {\"7.00\": 2.52}}}}", "total_tax": 8.96, "payment_method": "PayPal", "status": "New", "is_ordered": true, "created_at": "2023-01-02T11:26:59.174Z", "updated_at": "2023-01-02T11:27:08.122Z", "vendors": [10, 5]}}, {"model": "orders.order", "pk": 244, "fields": {"user": 18, "payment": null, "order_number": "20230102162703244", "first_name": "Sebastian", "last_name": "Wieczorek", "phone": "508322484", "email": "sebastian.wieczorek11@gmail.com", "address": "India Gate, Kartavya Path, India Gate, Nowe Delhi, Delhi, Indie", "country": "Indie", "state": "Maharashtra", "city": "Mumbai", "pin_code": "400101", "total": 97.44, "tax_data": "{\"CGST\": {\"9.00\": 7.56}, \"SGST\": {\"7.00\": 5.88}}", "total_data": "{\"5\": {\"84.00\": {\"CGST\": {\"9.00\": 7.56}, \"SGST\": {\"7.00\": 5.88}}}}", "total_tax": 13.44, "payment_method": "PayPal", "status": "New", "is_ordered": true, "created_at": "2023-01-02T15:27:03.197Z", "updated_at": "2023-01-02T15:27:03.206Z", "vendors": [5]}}, {"model": "orders.orderedfood", "pk": 103, "fields": {"order": 223, "payment": 52, "user": 18, "fooditem": 1, "quantity": 4, "price": 12.0, "amount": 48.0, "created_at": "2022-12-28T12:35:29.753Z", "updated_at": "2022-12-28T12:35:29.753Z"}}, {"model": "orders.orderedfood", "pk": 104, "fields": {"order": 223, "payment": 52, "user": 18, "fooditem": 2, "quantity": 1, "price": 12.0, "amount": 12.0, "created_at": "2022-12-28T12:35:29.758Z", "updated_at": "2022-12-28T12:35:29.758Z"}}, {"model": "orders.orderedfood", "pk": 106, "fields": {"order": 224, "payment": 53, "user": 18, "fooditem": 1, "quantity": 4, "price": 12.0, "amount": 48.0, "created_at": "2022-12-28T15:21:21.908Z", "updated_at": "2022-12-28T15:21:21.908Z"}}, {"model": "orders.orderedfood", "pk": 107, "fields": {"order": 224, "payment": 53, "user": 18, "fooditem": 2, "quantity": 4, "price": 12.0, "amount": 48.0, "created_at": "2022-12-28T15:21:21.910Z", "updated_at": "2022-12-28T15:21:21.910Z"}}, {"model": "orders.orderedfood", "pk": 108, "fields": {"order": 225, "payment": 54, "user": 18, "fooditem": 1, "quantity": 3, "price": 12.0, "amount": 36.0, "created_at": "2022-12-28T16:32:50.633Z", "updated_at": "2022-12-28T16:32:50.633Z"}}, {"model": "orders.orderedfood", "pk": 109, "fields": {"order": 226, "payment": 55, "user": 24, "fooditem": 5, "quantity": 3, "price": 6.0, "amount": 18.0, "created_at": "2022-12-28T19:54:41.411Z", "updated_at": "2022-12-28T19:54:41.411Z"}}, {"model": "orders.orderedfood", "pk": 110, "fields": {"order": 226, "payment": 55, "user": 24, "fooditem": 2, "quantity": 1, "price": 12.0, "amount": 12.0, "created_at": "2022-12-28T19:54:41.413Z", "updated_at": "2022-12-28T19:54:41.413Z"}}, {"model": "orders.orderedfood", "pk": 112, "fields": {"order": 227, "payment": 56, "user": 18, "fooditem": 1, "quantity": 3, "price": 12.0, "amount": 36.0, "created_at": "2022-12-28T21:42:05.981Z", "updated_at": "2022-12-28T21:42:05.981Z"}}, {"model": "orders.orderedfood", "pk": 115, "fields": {"order": 229, "payment": 58, "user": 18, "fooditem": 1, "quantity": 5, "price": 12.0, "amount": 60.0, "created_at": "2022-12-30T13:02:51.345Z", "updated_at": "2022-12-30T13:02:51.345Z"}}, {"model": "orders.orderedfood", "pk": 116, "fields": {"order": 229, "payment": 58, "user": 18, "fooditem": 5, "quantity": 3, "price": 6.0, "amount": 18.0, "created_at": "2022-12-30T13:02:51.345Z", "updated_at": "2022-12-30T13:02:51.345Z"}}, {"model": "orders.orderedfood", "pk": 117, "fields": {"order": 229, "payment": 58, "user": 18, "fooditem": 2, "quantity": 3, "price": 12.0, "amount": 36.0, "created_at": "2022-12-30T13:02:51.345Z", "updated_at": "2022-12-30T13:02:51.345Z"}}, {"model": "orders.orderedfood", "pk": 118, "fields": {"order": 230, "payment": 59, "user": 18, "fooditem": 1, "quantity": 5, "price": 12.0, "amount": 60.0, "created_at": "2022-12-30T13:06:03.518Z", "updated_at": "2022-12-30T13:06:03.518Z"}}, {"model": "orders.orderedfood", "pk": 119, "fields": {"order": 230, "payment": 59, "user": 18, "fooditem": 2, "quantity": 3, "price": 12.0, "amount": 36.0, "created_at": "2022-12-30T13:06:03.520Z", "updated_at": "2022-12-30T13:06:03.520Z"}}, {"model": "orders.orderedfood", "pk": 120, "fields": {"order": 231, "payment": 60, "user": 18, "fooditem": 2, "quantity": 3, "price": 12.0, "amount": 36.0, "created_at": "2022-12-30T13:09:30.126Z", "updated_at": "2022-12-30T13:09:30.126Z"}}, {"model": "orders.orderedfood", "pk": 121, "fields": {"order": 232, "payment": 61, "user": 18, "fooditem": 2, "quantity": 1, "price": 12.0, "amount": 12.0, "created_at": "2022-12-30T13:24:05.669Z", "updated_at": "2022-12-30T13:24:05.669Z"}}, {"model": "orders.orderedfood", "pk": 122, "fields": {"order": 233, "payment": 62, "user": 18, "fooditem": 2, "quantity": 11, "price": 12.0, "amount": 132.0, "created_at": "2022-12-30T13:25:46.253Z", "updated_at": "2022-12-30T13:25:46.253Z"}}, {"model": "orders.orderedfood", "pk": 123, "fields": {"order": 234, "payment": 63, "user": 18, "fooditem": 2, "quantity": 7, "price": 12.0, "amount": 84.0, "created_at": "2022-12-30T13:27:28.888Z", "updated_at": "2022-12-30T13:27:28.888Z"}}, {"model": "orders.orderedfood", "pk": 124, "fields": {"order": 235, "payment": 64, "user": 18, "fooditem": 2, "quantity": 7, "price": 12.0, "amount": 84.0, "created_at": "2022-12-30T13:28:26.609Z", "updated_at": "2022-12-30T13:28:26.609Z"}}, {"model": "orders.orderedfood", "pk": 125, "fields": {"order": 235, "payment": 64, "user": 18, "fooditem": 5, "quantity": 4, "price": 6.0, "amount": 24.0, "created_at": "2022-12-30T13:28:26.609Z", "updated_at": "2022-12-30T13:28:26.609Z"}}, {"model": "orders.orderedfood", "pk": 126, "fields": {"order": 235, "payment": 64, "user": 18, "fooditem": 1, "quantity": 2, "price": 12.0, "amount": 24.0, "created_at": "2022-12-30T13:28:26.609Z", "updated_at": "2022-12-30T13:28:26.609Z"}}, {"model": "orders.orderedfood", "pk": 127, "fields": {"order": 236, "payment": 65, "user": 18, "fooditem": 2, "quantity": 7, "price": 12.0, "amount": 84.0, "created_at": "2022-12-30T17:36:11.035Z", "updated_at": "2022-12-30T17:36:11.035Z"}}, {"model": "orders.orderedfood", "pk": 128, "fields": {"order": 236, "payment": 65, "user": 18, "fooditem": 5, "quantity": 4, "price": 6.0, "amount": 24.0, "created_at": "2022-12-30T17:36:11.037Z", "updated_at": "2022-12-30T17:36:11.037Z"}}, {"model": "orders.orderedfood", "pk": 129, "fields": {"order": 237, "payment": 66, "user": 18, "fooditem": 2, "quantity": 7, "price": 12.0, "amount": 84.0, "created_at": "2022-12-30T17:44:39.006Z", "updated_at": "2022-12-30T17:44:39.006Z"}}, {"model": "orders.orderedfood", "pk": 130, "fields": {"order": 238, "payment": 67, "user": 18, "fooditem": 2, "quantity": 2, "price": 12.0, "amount": 24.0, "created_at": "2022-12-30T17:59:17.710Z", "updated_at": "2022-12-30T17:59:17.710Z"}}, {"model": "orders.orderedfood", "pk": 131, "fields": {"order": 239, "payment": 68, "user": 18, "fooditem": 2, "quantity": 6, "price": 12.0, "amount": 72.0, "created_at": "2023-01-02T10:57:56.916Z", "updated_at": "2023-01-02T10:57:56.916Z"}}, {"model": "orders.orderedfood", "pk": 132, "fields": {"order": 240, "payment": 69, "user": 18, "fooditem": 2, "quantity": 6, "price": 12.0, "amount": 72.0, "created_at": "2023-01-02T10:59:11.974Z", "updated_at": "2023-01-02T10:59:11.974Z"}}, {"model": "orders.orderedfood", "pk": 133, "fields": {"order": 240, "payment": 69, "user": 18, "fooditem": 5, "quantity": 3, "price": 6.0, "amount": 18.0, "created_at": "2023-01-02T10:59:11.977Z", "updated_at": "2023-01-02T10:59:11.977Z"}}, {"model": "orders.orderedfood", "pk": 134, "fields": {"order": 241, "payment": 70, "user": 18, "fooditem": 2, "quantity": 6, "price": 12.0, "amount": 72.0, "created_at": "2023-01-02T11:20:16.187Z", "updated_at": "2023-01-02T11:20:16.187Z"}}, {"model": "orders.orderedfood", "pk": 135, "fields": {"order": 242, "payment": 71, "user": 18, "fooditem": 2, "quantity": 4, "price": 12.0, "amount": 48.0, "created_at": "2023-01-02T11:23:00.689Z", "updated_at": "2023-01-02T11:23:00.689Z"}}, {"model": "orders.orderedfood", "pk": 136, "fields": {"order": 243, "payment": 72, "user": 23, "fooditem": 10, "quantity": 4, "price": 5.0, "amount": 20.0, "created_at": "2023-01-02T11:27:08.125Z", "updated_at": "2023-01-02T11:27:08.125Z"}}, {"model": "orders.orderedfood", "pk": 137, "fields": {"order": 243, "payment": 72, "user": 23, "fooditem": 5, "quantity": 2, "price": 6.0, "amount": 12.0, "created_at": "2023-01-02T11:27:08.129Z", "updated_at": "2023-01-02T11:27:08.129Z"}}, {"model": "orders.orderedfood", "pk": 138, "fields": {"order": 243, "payment": 72, "user": 23, "fooditem": 2, "quantity": 1, "price": 12.0, "amount": 12.0, "created_at": "2023-01-02T11:27:08.131Z", "updated_at": "2023-01-02T11:27:08.131Z"}}, {"model": "orders.orderedfood", "pk": 139, "fields": {"order": 243, "payment": 72, "user": 23, "fooditem": 1, "quantity": 1, "price": 12.0, "amount": 12.0, "created_at": "2023-01-02T11:27:08.133Z", "updated_at": "2023-01-02T11:27:08.133Z"}}]